Title,Link,Views
Zoomexé–‹ç®±å¯¦æ¸¬ï¼å…¨çƒè¶…å€¼å¾—ä¿¡è³´çš„åŠ å¯†è²¨å¹£è¡ç”Ÿå“äº¤æ˜“æ‰€ï¼ï½œ æ‰“é–‹å§è²¡ç®± Unboxing Fintech,https://www.youtube.com/watch?v=RSweGTQPxnw&pp=ygUGWm9vbWV4,3818æ¬¡è§‚çœ‹
å»ä¸­å¿ƒäº¤æ˜“æ‰€Zoomexåˆç´„æ•™ç¨‹ï¼å»ä¸­å¿ƒé–‹åˆç´„åˆé«”é©—ï¼æ›´æœ‰1000Uå’Œçƒè³½VIPé–€ç¥¨è±ªç¦®ç›¸è´ˆï¼BTCè¡Œæƒ…åˆ†äº«ï¼BTCï½œETHï½œæ–æ³¢é‚£å¥‘ï½œè‡ªç„¶äº¤æ˜“ç†è®ºï½œFibï½œåˆçº¦ï½œåšå¤šï½œåšç©ºï½œZoomex,https://www.youtube.com/watch?v=KCWZiHJzCEw&pp=ygUGWm9vbWV4,711æ¬¡è§‚çœ‹
zoomexèª¿æŸ¥å ±å‘Šï¼šæ­é–‹zoomexäº¤æ˜“æ‰€æ ¹æœ¬æ²’æœ‰ç‰Œç…§,https://www.youtube.com/watch?v=kx8-M2DhdHI&pp=ygUGWm9vbWV4,967æ¬¡è§‚çœ‹
Heyman å°ˆå±¬Zoomexä¸‰é‡è³$5615 å‡ºå…¥é‡‘åŠäº¤æ˜“æ•™å­¸,https://www.youtube.com/watch?v=MQrJoz7FAvI&pp=ygUGWm9vbWV4,378æ¬¡è§‚çœ‹
äº¤æµæµæš¢çš„ZOOMEXï¼æ–°æ´»å‹•å¤šå¤šå€¼å¾—å˜—è©¦ï¼BTC | ETH | è‡ªç„¶äº¤æ˜“ç†è«– | äº¤æ˜“ | è¶¨å‹¢ | è¡Œæƒ… | å€å¡Šéˆ |,https://www.youtube.com/watch?v=3IrQVl7KnX8&pp=ygUGWm9vbWV4,1259æ¬¡è§‚çœ‹
Zoomex F36050M Teleskop Kurulum Videosu,https://www.youtube.com/watch?v=xacCdLl4hF4&pp=ygUGWm9vbWV4,8007æ¬¡è§‚çœ‹
CARENA VARIGON II ZOOMEX,https://www.youtube.com/watch?v=LE-Gd7dDC2E&pp=ygUGWm9vbWV4,973æ¬¡è§‚çœ‹
Binanceå’ŒBybitæ¸…é€€é¦™æ¸¯ç”¨æˆ¶ï¼šZoomexäº¤æ˜“æ‰€ç„¡éœ€KYCï¼Œæ”¯æŒé¦™æ¸¯ç”¨æˆ¶è²·è³£åˆç´„æœŸè²¨ï½œé¦™æ¸¯ç©åˆç´„å¹³å°ä»²æœ‰é‚Šdï¼Ÿé¦™æ¸¯ä¾å®¶é‚„æœ‰ä»€éº¼å¹³å°å¯ä»¥ç©åˆç´„ï¼Ÿæœ‰å†‡å…¶ä»–å¹³å°ï¼Œé¦™æ¸¯å±…æ°‘è²·åˆ°åˆç´„ï¼Ÿ,https://www.youtube.com/watch?v=1ES7wmG4RYs&pp=ygUGWm9vbWV4,1059æ¬¡è§‚çœ‹
#æ¯”ç‰¹å¸è¡Œæƒ…åˆ†æ â—å±±å¯¨ä»‹å…¥ï¼é€£çºŒæ­¢ç›ˆï¼å¦‚ä½•åšåˆ°ã€è®“åˆ©æ½¤é™ªè·‘ï¼Ÿâ—æ¯”ç‰¹å¸ã€é›™ç†Šè·Œç ´ã€å°±ä¸åšç©ºï¼â—ä»¥å¤ªåŠã€æ”¯æ’è·Œç ´ã€éœ‡è•©åŠ åŠ‡ï¼â—DOGEã€ORDIã€SOLã€LPTã€TIAâ— #æ¯”ç‰¹å¸ #btc #æ¯”ç‰¹å¹£,https://www.youtube.com/watch?v=nIP3eMOAoOg&pp=ygUGWm9vbWV4,485æ¬¡è§‚çœ‹
å·æ™®è¢«é–‹æ§ğŸ”«æ¯”ç‰¹å¹£ä¸Šæ¼²ğŸ“ˆZoomex æœ€æ–°ç”¢å“å…¨åŠ å¯†è²¨å¹£äº¤æ˜“æ‰€å”¯ä¸€ğŸ’¸(å»ºè­°1.5å€é€Ÿ),https://www.youtube.com/watch?v=VSwGCYmkAEg&pp=ygUGWm9vbWV4,61æ¬¡è§‚çœ‹
Zoomex Review | Is it scam? Is it legit? Can I trust it? | Best Crypto Exchanges,https://www.youtube.com/watch?v=veLSf4HmK9g&pp=ygUGWm9vbWV4,2748æ¬¡è§‚çœ‹
Make $700 A DAY With This Crypto Trading STRATEGY (ZOOMEX TRADING STRATEGY),https://www.youtube.com/watch?v=x9pOrZ9JV3E&pp=ygUGWm9vbWV4,9062æ¬¡è§‚çœ‹
EP108 é‡åŒ–è‡ªå‹•äº¤æ˜“ å¹´åŒ–280%çš„ç§˜å¯† | Zoomex å…KYCåˆç´„äº¤æ˜“æ‰€ | ç˜‹ç‹—ç¤¾å€ç„¡ç—›é«”é©—APIä¸²æ¥ | ç®¡ç†è³‡é‡‘è¶…éåƒè¬ç¾é‡‘çš„é‡åŒ–åœ˜éšŠ,https://www.youtube.com/watch?v=g4vnu6hE4o4&pp=ygUGWm9vbWV4,1274æ¬¡è§‚çœ‹
The BEST Trading Platform For Cypto! (Zoomex),https://www.youtube.com/watch?v=Ee9k23NVGQo&pp=ygUGWm9vbWV4,699æ¬¡è§‚çœ‹
ã€ç¾äººã™ãã‚‹ã‚¹ã‚¿ãƒƒãƒ•ç›´ä¼ã€‘Zoomexæ“ä½œæ–¹æ³•ã€æ³¨æ„ç‚¹ã«ã¤ã„ã¦èã„ã¦ããŸâœ¨ çŸ¥ã‚‰ãªã„ã¨å±é™ºã€‚ã€‚ã€‚ä»®æƒ³é€šè²¨åˆå¿ƒè€…ã‚¬ã‚¤ãƒ‰ğŸ”°å–å¼•æ‰‹æ•°æ–™30%å‰²å¼•ç´¹ä»‹ã‚³ãƒ¼ãƒ‰ï¼šZX901775,https://www.youtube.com/watch?v=bSzLx5O-EJs&pp=ygUGWm9vbWV4,1191æ¬¡è§‚çœ‹
Zoomex STX-1200 Mikroskop KullanÄ±mÄ±,https://www.youtube.com/watch?v=MIGlfyMyZBQ&pp=ygUGWm9vbWV4,1387æ¬¡è§‚çœ‹
Zoomex Review & Tutorial: Beginners Guide on How to Use Zoomex,https://www.youtube.com/watch?v=CuJ3wHaxGr0&pp=ygUGWm9vbWV4,9055æ¬¡è§‚çœ‹
Zoomex 40F400 Teleskop Kurulum Videosu,https://www.youtube.com/watch?v=zEJ9zh_Iqhc&pp=ygUGWm9vbWV4,1123æ¬¡è§‚çœ‹
Carena Gevaert Zoomex - 8mm Camera,https://www.youtube.com/watch?v=cEjyx8yzeC0&pp=ygUGWm9vbWV4,662æ¬¡è§‚çœ‹
ZOOMEX 2023 US NON KYC Crypto Exchange,https://www.youtube.com/watch?v=70ai6NYSGKA&pp=ygUGWm9vbWV4,305æ¬¡è§‚çœ‹
COMPLETE GUIDE TO ZOOMEX CRYPTO EXCHANGE (TOP EXCHANGE FOR 2024?!),https://www.youtube.com/watch?v=vGuCo8B6aIE&pp=ygUGWm9vbWV4,1928æ¬¡è§‚çœ‹
è¶…ãŠå¾—ä»®æƒ³é€šè²¨å–å¼•æ‰€ #Zoomex #ã‚ºãƒ¼ãƒ¡ãƒƒã‚¯ã‚¹ ç„¡æ–™ç™»éŒ²ã®ã¿ã§ä½“é¨“é‡‘ãƒœãƒ¼ãƒŠã‚¹è²°ãˆã‚‹âœ¨ä»®æƒ³é€šè²¨åˆå¿ƒè€…å‘ã‘å®Œå…¨è§£èª¬ğŸª™,https://www.youtube.com/watch?v=wmYLbNGvaso&pp=ygUGWm9vbWV4,198æ¬¡è§‚çœ‹
Zoomex Trading App | earn rewards as you trade,https://www.youtube.com/watch?v=Ah9sEUAYHlA&pp=ygUGWm9vbWV4,145æ¬¡è§‚çœ‹
Zoomex F70076TX Astronomik Teleskop 350X BÃ¼yÃ¼tme,https://www.youtube.com/watch?v=9Z3tpl6mULU&pp=ygUGWm9vbWV4,2779æ¬¡è§‚çœ‹
How to Make Money on Crypto Futures with a SMALL ACCOUNT! #zoomex,https://www.youtube.com/watch?v=o8KHxsQfG08&pp=ygUGWm9vbWV4,203æ¬¡è§‚çœ‹
Zoomex â€“ Zoomex Review & Tutorial 2023: Beginners Guide on How to Use Zoomex,https://www.youtube.com/watch?v=mGd4mf1Theg&pp=ygUGWm9vbWV4,1ä¸‡æ¬¡è§‚çœ‹
Zoomex & Villarreal 2022-2023,https://www.youtube.com/watch?v=klFSTxCgt0o&pp=ygUGWm9vbWV4,80æ¬¡è§‚çœ‹
Zoomex è‡ªå‹•è·Ÿå–®é›»è…¦/æ‰‹æ©Ÿç‰ˆæœ¬ æ•™å­¸ ğŸ’¸ğŸ’¸ (è¨»å†Šé€£çµåœ¨ä¸‹æ–¹ï¼Œä¸‹è¼‰QRCODEç½®é ‚åœ¨äº¤æµç¾¤),https://www.youtube.com/watch?v=lS76B2M-g2Q&pp=ygUGWm9vbWV4,320æ¬¡è§‚çœ‹
ZOOMEX GOING INTO THE TRADING WORLD SET AND READY,https://www.youtube.com/watch?v=m6P_vnlak-c&pp=ygUGWm9vbWV4,3.3ä¸‡æ¬¡è§‚çœ‹
ZOOMEX REVIEW! FREE 15 USDT FOR NEW USERS! ZOOMEX EXCHANGE 2024,https://www.youtube.com/watch?v=DZgffnL-9e0&pp=ygUGWm9vbWV4,3821æ¬¡è§‚çœ‹
ACCESS TO SMART INVESTMENTS WITH ZOOMEX!! | MOBILE TRADING MADE EASY!,https://www.youtube.com/watch?v=IoVappOVUTY&pp=ygUGWm9vbWV4,3.9ä¸‡æ¬¡è§‚çœ‹
Zoomex $100 Leverage Account Challenge,https://www.youtube.com/watch?v=wPc6F9d1VW0&pp=ygUGWm9vbWV4,78æ¬¡è§‚çœ‹
Zoomex Tutorial: Fastest Way To Register and Verify KYC in 1 Minutes | TOTLINK GLOBAL,https://www.youtube.com/watch?v=jYWODqgBV34&pp=ygUGWm9vbWV4,78æ¬¡è§‚çœ‹
ZOOMEX CRYPTO EXCHANGE - GET REGISTER & EARN 200 USD -,https://www.youtube.com/watch?v=GzcDpPHXkKI&pp=ygUGWm9vbWV4,1293æ¬¡è§‚çœ‹
ğŸš€ Â¡CÃ³mo Operar Futuros en Zoomex SIN KYC! ğŸ”¥ GuÃ­a Completa para Empezar HOY ğŸ’°ğŸ’¥,https://www.youtube.com/watch?v=zSJCYKX4XOs&pp=ygUGWm9vbWV4,377æ¬¡è§‚çœ‹
ğŸ”¥ ZOOMEX: CRYPTO EXCHANGE NO KYC - FUTURES + SPOT [GUIDA COMPLETA 2024],https://www.youtube.com/watch?v=ogCJyRWhiQM&pp=ygUGWm9vbWV4,1713æ¬¡è§‚çœ‹
How To Copy Your Deposit Address on ZOOMEX Crypto Exchange #howtotrade,https://www.youtube.com/watch?v=T3T4PgW5CDc&pp=ygUGWm9vbWV4,168æ¬¡è§‚çœ‹
Airdrop de 10 USDT ASEGURADO! Como Ganar Criptos GRATIS (Zoomex),https://www.youtube.com/watch?v=ZCqRUrUpOZo&pp=ygUGWm9vbWV4,3539æ¬¡è§‚çœ‹
CRYPTO TRADING PLATFORM ZOOMEX AIMS TO LEAD THE FUTURE OF DIGITAL FINANCIAL PLATFORMS!!,https://www.youtube.com/watch?v=0dHkwHY3Yv8&pp=ygUGWm9vbWV4,5.6ä¸‡æ¬¡è§‚çœ‹
Introducing ZOOMEX crypto exchange,https://www.youtube.com/watch?v=Vc9xFEKpYRc&pp=ygUGWm9vbWV4,311æ¬¡è§‚çœ‹
How to use futures trade signals on ZOOMEX #howtotrade,https://www.youtube.com/watch?v=Db_wuw3NaWo&pp=ygUGWm9vbWV4,351æ¬¡è§‚çœ‹
â“‚ï¸ Zoomex Exchanger 20$ Airdrop : NO KYC,https://www.youtube.com/watch?v=96-ufvAC1hU&pp=ygUGWm9vbWV4,298æ¬¡è§‚çœ‹
ZOOMEX Review - World's Most Trustworthy Digital Asset Exchange Platform,https://www.youtube.com/watch?v=9Qb-RdLjT00&pp=ygUGWm9vbWV4,1986æ¬¡è§‚çœ‹
ã€Zoomex Gamesã€‘Where Every Click Can Skyrocket Your Fun!,https://www.youtube.com/watch?v=s97RY3DzYMQ&pp=ygUGWm9vbWV4,488æ¬¡è§‚çœ‹
Introduction to Zoomex: A Newbieâ€™s Guide,https://www.youtube.com/watch?v=nJrtyH-Tw98&pp=ygUGWm9vbWV4,11æ¬¡è§‚çœ‹
"ZOOMEX Exchange BRUTAL! Sin KYC, Con Promociones ESPECTACULARES! Te CUBREN las PÃ‰RDIDAS! ğŸ˜ƒ",https://www.youtube.com/watch?v=5y9kiyK0dYo&pp=ygUGWm9vbWV4,1004æ¬¡è§‚çœ‹
Zoomex Exchange Referral Code [ZX37120] - Receive Up to 15% Off on your trading fees.,https://www.youtube.com/watch?v=owrAei-0UcE&pp=ygUGWm9vbWV4,44æ¬¡è§‚çœ‹
Lagos Zoomex Onlineâ€™s,https://www.youtube.com/shorts/YBlLNqILYbw,9æ¬¡è§‚çœ‹
Spongebob Troll Compilation || Zoomex,https://www.youtube.com/watch?v=Zh5HF-b1DVI&pp=ygUGWm9vbWV4,21ä¸‡æ¬¡è§‚çœ‹
Estrategia con Criptomonedas (Zoomex) I Emprender Simple,https://www.youtube.com/watch?v=DYMDadwYy6E&pp=ygUGWm9vbWV4,2579æ¬¡è§‚çœ‹
"How To Deposit & Trade Futures (Derivatives) on Zoomex Exchange (Crypto trading, online income)",https://www.youtube.com/watch?v=9FyAfPb9nAM&pp=ygUGWm9vbWV4,114æ¬¡è§‚çœ‹
Zoomex äº¤æ˜“æ‰€ é«˜é¢‘åˆçº¦,https://www.youtube.com/shorts/dwSUB2zR4uY,411æ¬¡è§‚çœ‹
"zoomex.top , Reviews Scam Or Paying ?",https://www.youtube.com/watch?v=Ozr81e-ijuU&pp=ygUGWm9vbWV4,90æ¬¡è§‚çœ‹
Zoomex MP-B750 Mikroskop KullanÄ±mÄ±,https://www.youtube.com/watch?v=V3TCCBFLSw4&pp=ygUGWm9vbWV4,136æ¬¡è§‚çœ‹
Zoomex: Krypto Trading Tutorial fÃ¼r AnfÃ¤nger im Bullrun!,https://www.youtube.com/watch?v=CFRtRGBZXpU&pp=ygUGWm9vbWV4,242æ¬¡è§‚çœ‹
How to withdraw in zoomex? watch the full video #crypto,https://www.youtube.com/watch?v=fa_44malF_U&pp=ygUGWm9vbWV4,864æ¬¡è§‚çœ‹
"ì£¼ë§¥ìŠ¤ Zoomex ëª¨ë°”ì¼ ê±°ë˜ì†Œ ê°€ì…ë°©ë²•, ì…ê¸ˆë°©ë²•, ì„ ë¬¼ê±°ë˜ í•˜ëŠ”ë²• (ì´ˆë³´ìë„ ì´í•´ê°€ëŠ¥)",https://www.youtube.com/watch?v=Sy4lwM1VcKo&pp=ygUGWm9vbWV4,2630æ¬¡è§‚çœ‹
Zoomex Referral Code (ZX37120) Unlock 15% Discount On Trading Fees | Zoomex Invite Code,https://www.youtube.com/watch?v=P-rsIEu6k38&pp=ygUGWm9vbWV4,11æ¬¡è§‚çœ‹
â—ï¸URGENTEâ—ï¸Gana 10USDT con ZOOMEX el nuevo EXCHANGE sin KYC,https://www.youtube.com/watch?v=55O_WYKuTQo&pp=ygUGWm9vbWV4,756æ¬¡è§‚çœ‹
Zoomex Review & Tutorial 2023: Beginners Guide on How to Use Zoomex/Crypto/Bitcoin,https://www.youtube.com/watch?v=BLQ9W0J88gA&pp=ygUGWm9vbWV4,316æ¬¡è§‚çœ‹
ZOOMEX EXCHANGE TUTORIAL | Comprare e Vendere Crypto - Trading con leva,https://www.youtube.com/watch?v=xyEKyrwAUCA&pp=ygUGWm9vbWV4,460æ¬¡è§‚çœ‹
Animator to Video Editor (why I switched),https://www.youtube.com/watch?v=MVeJ-1hd_FA&pp=ygUGWm9vbWV4,1841æ¬¡è§‚çœ‹
Zoomex Exchange ğŸ”¥Unveiling the Secrets of 2024 ğŸ”¥ Boost Your Crypto Trading with Zoomex Exchange! ğŸš€,https://www.youtube.com/watch?v=EVD3N9XaBQk&pp=ygUGWm9vbWV4,6285æ¬¡è§‚çœ‹
how to place a LONG crypto trade signal on ZOOMEX #howtotrade,https://www.youtube.com/shorts/EmL0p90mrOE,419æ¬¡è§‚çœ‹
ZOOMEX - What is Zoomex - How it Works - ZOOMEX Review,https://www.youtube.com/watch?v=e8tmik93HiI&pp=ygUGWm9vbWV4,8902æ¬¡è§‚çœ‹
ã€ZOOMEXã€‘ğŸ”°åˆå¿ƒè€…å‘ã‘ï¼ã‚¢ãƒ—ãƒªã®ä½¿ã„æ–¹å®Œå…¨ç‰ˆã€‚ç™»éŒ²â†’å…¥é‡‘â†’å–å¼•â†’å‡ºé‡‘ã¾ã§ã‚’è§£èª¬ã€‚âš ï¸6/20ã¾ã§ç§ã®ãƒªãƒ³ã‚¯é™å®šã§æœ€å¤§34000å††ã®ãƒ—ãƒ¬ã‚¼ãƒ³ãƒˆä¸­ğŸ,https://www.youtube.com/watch?v=w8u7RRJgRjg&pp=ygUGWm9vbWV4,1210æ¬¡è§‚çœ‹
Zoomex Crypto Trading Platform - Crypto Exchange Review,https://www.youtube.com/watch?v=twZPZ5ci2Q0&pp=ygUGWm9vbWV4,1616æ¬¡è§‚çœ‹
ZOOMEXã£ã¦ã©ã‚“ãªå–å¼•æ‰€ï¼Ÿç™»éŒ²ã‹ã‚‰ä½¿ã„æ–¹å®Œå…¨è§£èª¬ï¼,https://www.youtube.com/watch?v=K9VMrCjV8yw&pp=ygUGWm9vbWV4,3204æ¬¡è§‚çœ‹
ã€å…¬å¼ã‚¬ã‚¤ãƒ‰ã€‘Z-å–å¼•ãƒãƒ£ãƒ¬ãƒ³ã‚¸ã®å‚åŠ ç™»éŒ²ã‚’ãƒã‚¹ã‚¿ãƒ¼ã—ã‚ˆã†ï¼ #zoomex #ä»®æƒ³é€šè²¨ #æš—å·è³‡ç”£,https://www.youtube.com/shorts/x1-6C9bkNAc,28æ¬¡è§‚çœ‹
intro to ZOOMEX #shorts #zoomex,https://www.youtube.com/shorts/4RQxjRMR7ME,257æ¬¡è§‚çœ‹
How to trade in Zoomex Exchange Platform | 2023,https://www.youtube.com/watch?v=d059cXzTT-g&pp=ygUGWm9vbWV4,3111æ¬¡è§‚çœ‹
Zoomex exchange |20$ Instant Withdrew ğŸ¤‘Wallet Offer I New Wallet Offer| process withdraw,https://www.youtube.com/watch?v=TctW3pne3U0&pp=ygUGWm9vbWV4,81æ¬¡è§‚çœ‹
Zoomex Exchange 5$ future bonusğŸ˜ƒVerified payment proofğŸ’Unlimited kop,https://www.youtube.com/watch?v=Y6rLyIS35iw&pp=ygUGWm9vbWV4,57æ¬¡è§‚çœ‹
Earn Free $20 USDT with Zoomex Exchange | Free usdt,https://www.youtube.com/watch?v=ZV_ycSxhM3c&pp=ygUGWm9vbWV4,810æ¬¡è§‚çœ‹
How To Know When To BUY and SELL Crypto #shorts #zoomex,https://www.youtube.com/shorts/ZGRNIoMj78U,167æ¬¡è§‚çœ‹
ZOOMEX | Best Exchange Platform 2022,https://www.youtube.com/watch?v=rqp3UYw0Jq0&pp=ygUGWm9vbWV4,3516æ¬¡è§‚çœ‹
ZOOMEX: Bybit's replacement? How to trade cryptos on Zoomex - TUTO IN Crypto Trading,https://www.youtube.com/watch?v=GB1IQpuTDDs&pp=ygUGWm9vbWV4,553æ¬¡è§‚çœ‹
ZOOMEX - What is Zoomex - Ultimate Zoomex Review,https://www.youtube.com/watch?v=4ZoPG4kBx-E&pp=ygUGWm9vbWV4,6979æ¬¡è§‚çœ‹
zoomex loot live again,https://www.youtube.com/shorts/kinPTHHp2LY,67æ¬¡è§‚çœ‹
ZOOMEX & Ferrari Driver Oliver Bearman 2023,https://www.youtube.com/watch?v=_R-8_DWmUPQ&pp=ygUGWm9vbWV4,176æ¬¡è§‚çœ‹
How to use ZOOMEX | Best Exchange Platform 2023,https://www.youtube.com/watch?v=yC29lEhuwUo&pp=ygUGWm9vbWV4,1524æ¬¡è§‚çœ‹
ğŸš¨ ZOOMEX - COMO HACER TRADING ? APROVECHA TU BONO DE $20 DOLARES ğŸš¨,https://www.youtube.com/watch?v=VqbUaUaN6no&pp=ygUGWm9vbWV4,892æ¬¡è§‚çœ‹
ZOOMEX THE ACCES TO SMART INVESTMENT ZOOMEX,https://www.youtube.com/watch?v=IyRoegC0iFU&pp=ygUGWm9vbWV4,3.9ä¸‡æ¬¡è§‚çœ‹
ZOOMEX - Mobile Trading Made Easy,https://www.youtube.com/watch?v=Mw3BVyONX0o&pp=ygUGWm9vbWV4,906æ¬¡è§‚çœ‹
Zoomex 60F700TX HÄ±zlÄ± Kurulum,https://www.youtube.com/shorts/nyurDZ8s3Qo,497æ¬¡è§‚çœ‹
Zoomex - New exchange with lowest fees!,https://www.youtube.com/watch?v=WppIXQzCr7I&pp=ygUGWm9vbWV4,11ä¸‡æ¬¡è§‚çœ‹
Zoomex Launches Limited Time 50% Off Fee Event Amid DOGE Surge,https://www.youtube.com/shorts/EPNnluT2l5U,12æ¬¡è§‚çœ‹
Trading patterns double bottom #makemoney #trading #zoomex #ethereum #crypto,https://www.youtube.com/shorts/0feNFhjXQOQ,219æ¬¡è§‚çœ‹
Zoomexé€éŒ¢+äº¤æ˜“ç«¶è³½ğŸ’¸ æ¯”ç‰¹å¹£ç„¡èŠè¡Œæƒ…â—ï¸$SLERF å³å°‡æš´æ¼²ğŸ“ˆ,https://www.youtube.com/watch?v=Tleb2yWt1_E&pp=ygUGWm9vbWV4,47æ¬¡è§‚çœ‹
Zoomex Launches Limited Time 50% Off Fee Event Amid DOGE Surge,https://www.youtube.com/shorts/-E402w8ICsE,2æ¬¡è§‚çœ‹
TUTO complet ZOOMEX 2024 - SPOT et FUTURE - De dÃ©butant Ã  avancÃ© !,https://www.youtube.com/watch?v=mmaYRacozKA&pp=ygUGWm9vbWV4,3454æ¬¡è§‚çœ‹
ZOOMEX Tuto COMPLET DÃ‰BUTANT & fonctionnalitÃ©s avancÃ©es !,https://www.youtube.com/watch?v=pq84NgmzNyE&pp=ygUGWm9vbWV4,1.1ä¸‡æ¬¡è§‚çœ‹
"Zoomex Exchange New Offer,Instant 20$ USDT Spot Bonus,Zoomex KYC Process, Zoomex Withdrawal process",https://www.youtube.com/watch?v=vGgbDQfPe2k&pp=ygUGWm9vbWV4,838æ¬¡è§‚çœ‹
Zoomexã‚²ãƒ¼ãƒ ã€TO THE MOONã€ã§éŠã¼ã†ã€å…¬å¼ã‚¬ã‚¤ãƒ‰ã€‘,https://www.youtube.com/watch?v=VrokO37zkPY&pp=ygUGWm9vbWV4,1313æ¬¡è§‚çœ‹
Zoomex ğŸ§ªé€460uğŸ’¸ æ¯”ç‰¹å¹£å‰é«˜å‡çªç ´âš ï¸ ä¸Šæ¼²è¦‹é ‚è¦ä¸‹è·Œäº†å—ğŸ“‰(å»ºè­°1.5å€é€Ÿ),https://www.youtube.com/watch?v=l6z_PTUS5-k&pp=ygUGWm9vbWV4,154æ¬¡è§‚çœ‹
zoomex.top Paying or Scam Review Analysis,https://www.youtube.com/watch?v=gp1IvDQNsZ0&pp=ygUGWm9vbWV4,79æ¬¡è§‚çœ‹
ğŸ‘¨â€ğŸ’¼ ZOOMEX - HAZ TRADING en el MERCADO de FUTUROS sin KYC desde ESTADOS UNIDOS,https://www.youtube.com/watch?v=_WxTpDFIhkM&pp=ygUGWm9vbWV4,106æ¬¡è§‚çœ‹
ã€ZOOMEXã€‘ğŸ”°åˆå¿ƒè€…å‘ã‘ï¼ã‚¢ãƒ—ãƒªã®ä½¿ã„æ–¹å®Œå…¨ç‰ˆã€‚ç™»éŒ²â†’å…¥é‡‘â†’å–å¼•â†’å‡ºé‡‘ã¾ã§ã‚’è§£èª¬ã€‚âš ï¸6/20ã¾ã§ç§ã®ãƒªãƒ³ã‚¯é™å®šã§æœ€å¤§34000å††ã®ãƒ—ãƒ¬ã‚¼ãƒ³ãƒˆä¸­ğŸ,https://www.youtube.com/watch?v=w8u7RRJgRjg&pp=ygUGWm9vbWV4,1210æ¬¡è§‚çœ‹
get 20$ in ZOOMEX #crypto #earningapp #cryptocurrency,https://www.youtube.com/watch?v=M4SHa4KuEuI&pp=ygUGWm9vbWV4,763æ¬¡è§‚çœ‹
ZOOMEXã£ã¦ã©ã‚“ãªå–å¼•æ‰€ï¼Ÿç™»éŒ²ã‹ã‚‰ä½¿ã„æ–¹å®Œå…¨è§£èª¬ï¼,https://www.youtube.com/watch?v=K9VMrCjV8yw&pp=ygUGWm9vbWV4,3204æ¬¡è§‚çœ‹
Zoomex Instant Withdrawal From Airdrop Reward ğŸ”¥ğŸ¤‘,https://www.youtube.com/shorts/lfj0T9_bnWY,137æ¬¡è§‚çœ‹
Filmkamera Gevaert zoomex. mekanisk super 8 tidigt 60 tals,https://www.youtube.com/watch?v=8AbplITA0HY&pp=ygUGWm9vbWV4,133æ¬¡è§‚çœ‹
Zoomex-Fast Gel Uses in Hindi | Side Effects | Dose,https://www.youtube.com/watch?v=bIPLNyndB_k&pp=ygUGWm9vbWV4,29æ¬¡è§‚çœ‹
ZOOMEX.TOP PROMO VIDEO,https://www.youtube.com/watch?v=X0Eaxmc6muQ&pp=ygUGWm9vbWV4,483æ¬¡è§‚çœ‹
Tuto complet ZOOMEX - DÃ©butant Ã  AvancÃ© : Le meilleur pour la crypto ? TUTO FR Trading crypto,https://www.youtube.com/watch?v=n7B7yHo2B5s&pp=ygUGWm9vbWV4,7251æ¬¡è§‚çœ‹
COMO RETIRAR DE ZOOMEX MAS NUEVAS PROMOS,https://www.youtube.com/watch?v=g9tcwZpZIOM&pp=ygUGWm9vbWV4,434æ¬¡è§‚çœ‹
Zoomex - Access to smart investment | Crypto Pablo,https://www.youtube.com/watch?v=8jGMnfaL6O4&pp=ygUGWm9vbWV4,6.1ä¸‡æ¬¡è§‚çœ‹
ä»Šå›ã‚¤ãƒ³ãƒ•ãƒ«ã‚¨ãƒ³ã‚µãƒ¼ãªã©ãŠã‚¹ã‚¹ãƒ¡å–å¼•æ‰€#ZOOMEX#ä»®æƒ³é€šè²¨#BTC#PEPE#æš—å·è³‡ç”£,https://www.youtube.com/shorts/tywvx1rW-bs,192æ¬¡è§‚çœ‹
Zoomex Crypto Exchange Introduction - US and Canada Customers Allowed!! Cool Defi Feature Inside!!,https://www.youtube.com/watch?v=uAQzzjxpWDA&pp=ygUGWm9vbWV4,286æ¬¡è§‚çœ‹
ZoomEx crypto exchange is a young player in the crypto market,https://www.youtube.com/watch?v=tX-Nbo9BS3k&pp=ygUGWm9vbWV4,2.6ä¸‡æ¬¡è§‚çœ‹
nike Zoomex /nikeair /Nikerun/ Airjordan #footzipfootwear #Zoomex #nikerun,https://www.youtube.com/shorts/IAixoDNoGhI,71æ¬¡è§‚çœ‹
Zoomex é€éŒ¢æ´»å‹•ğŸ’¸ CPIå¾Œåƒ¹æ ¼åˆ†æğŸ“æ¯”ç‰¹å¹£é™°è·ŒğŸ“‰ğŸ“ˆ(å»ºè­°1.5å€é€Ÿæ’­æ”¾),https://www.youtube.com/watch?v=yLQ0Ob6SuEI&pp=ygUGWm9vbWV4,103æ¬¡è§‚çœ‹
Zoomex-Hot Gel Uses in Hindi | Side Effects | Dose,https://www.youtube.com/watch?v=vDe4aX57KBw&pp=ygUGWm9vbWV4,27æ¬¡è§‚çœ‹
Zoomex | The Access to Smart Investment - Zoomex,https://www.youtube.com/watch?v=BiSvHEIKyko&pp=ygUGWm9vbWV4,1103æ¬¡è§‚çœ‹
æ¯”ç‰¹å¹£äº¤æ˜“æ©Ÿæœƒå·²å‡ºç¾âš ï¸ğŸ’¸Zoomex äº¤æ˜“å¤§è³½ä¾†äº†ğŸ’¸ æœ€å¤§çå¸¶ä½ å»çœ‹F1ğŸ(å»ºè­°1.5å€é€Ÿ),https://www.youtube.com/watch?v=H7fCAus-i4w&pp=ygUGWm9vbWV4,45æ¬¡è§‚çœ‹
Zoomex - EARN $10 AT SIGN UP & $50 FOR FTD!ğŸ¤‘,https://www.youtube.com/watch?v=h2jLhvUk3xk&pp=ygUGWm9vbWV4,5.8ä¸‡æ¬¡è§‚çœ‹
TRADING SENZA KYC CON ZOOMEX! EXCHANGE PER NEOFITI E NON!,https://www.youtube.com/watch?v=xIocEqKtU3I&pp=ygUGWm9vbWV4,1355æ¬¡è§‚çœ‹
ğŸ’°ZOOMEX | CONSIGUE ğŸ’²10 GRATIS â—ï¸â—ï¸ | ZOOMEX REGALA ğŸ’²10 RETIRABLES!!,https://www.youtube.com/watch?v=XldEjHWqZSA&pp=ygUGWm9vbWV4,2266æ¬¡è§‚çœ‹
ã€ä»®æƒ³é€šè²¨å–å¼•æ‰€Zoomexã¨Narrowfocusã®ã‚³ãƒ©ãƒœãŒæ±ºå®šï¼ã€‘#shorts #zoomex #narrowfocus #ä»®æƒ³é€šè²¨ #ãƒ“ãƒƒãƒˆã‚³ã‚¤ãƒ³ #ä»®æƒ³é€šè²¨å–å¼•æ‰€ #æš—å·è³‡ç”£,https://www.youtube.com/shorts/Rj6LbenTNt0,747æ¬¡è§‚çœ‹
Zoomexé€150 USDTğŸ’¸ æ¯”ç‰¹å¹£2Bæ”¶å›ğŸ“ˆ ç¹¼çºŒç›¤æ•´â“â—ï¸äº¤æ˜“è¨ˆç•«åœ¨æ­¤ğŸ“ (å»ºè­°1.5å€é€Ÿæ’­æ”¾),https://www.youtube.com/watch?v=eEJ9KBWruxk&pp=ygUGWm9vbWV4,112æ¬¡è§‚çœ‹
invest in crypto is the key for success https://www.zoomex.com/en/invite?ref=V22JVNV #crypto #btc,https://www.youtube.com/shorts/3xfuPQGe6Uw,12æ¬¡è§‚çœ‹
ğŸš¨ğŸš¨ğŸš¨Mis opiniones sobre Zoomex | Â¿por que no llegan los pagos de la promo?ğŸš¨ğŸš¨ğŸš¨,https://www.youtube.com/watch?v=HF2t-puQXIs&pp=ygUGWm9vbWV4,624æ¬¡è§‚çœ‹
Zoomex è½‰ç›¤æ´»å‹•é€éŒ¢å›‰ğŸ’¸ æ¯”ç‰¹å¹£ä¸‹è·Œé–‹å§‹â“â—ï¸æ—¥ç·šèƒŒé›¢ç™¼é…µâš ï¸,https://www.youtube.com/watch?v=wgN4UGkJ95o&pp=ygUGWm9vbWV4,181æ¬¡è§‚çœ‹
zoomex.top Review Analysis by Hyipinformer.com,https://www.youtube.com/watch?v=_keVKlv3mDo&pp=ygUGWm9vbWV4,6æ¬¡è§‚çœ‹
Zoomex - Ğ‘Ñ‹ÑÑ‚Ñ€Ñ‹Ğµ Ğ”ĞµĞ½ÑŒĞ³Ğ¸!!! #Zoomex #arbitrage,https://www.youtube.com/watch?v=bFe1z0MNopg&pp=ygUGWm9vbWV4,1.1ä¸‡æ¬¡è§‚çœ‹
20å¤©éŒ¢åŒ…+1300%ğŸ’¸ Zoomexå¸¶å–®æ•™å­¸â—ï¸å½±ç‰‡ä¸‹æ–¹è¨»å†Šé€£çµä¸€éµè·Ÿå–®ğŸ“ˆ(å»ºè­°1.5å€é€Ÿæ’­æ”¾),https://www.youtube.com/watch?v=PWg8NSH9jsE&pp=ygUGWm9vbWV4,63æ¬¡è§‚çœ‹
"Zoomex Review 2023 : Access to Smart Investment | Available on US, CAN For Futures Trading | Part 1",https://www.youtube.com/watch?v=AnGbiRItfGw&pp=ygUGWm9vbWV4,2ä¸‡æ¬¡è§‚çœ‹
"Zoomex Review 2023 : Access to Smart Investment | Available on US, CAN For Futures Trading | Part 3",https://www.youtube.com/watch?v=ZBWttkZWdTw&pp=ygUGWm9vbWV4,3.5ä¸‡æ¬¡è§‚çœ‹
Come rimanere anonimi | Zoomex CEX senza KYC | Tutorial,https://www.youtube.com/watch?v=k7jr8HWXoyA&pp=ygUGWm9vbWV4,516æ¬¡è§‚çœ‹
Zoomexã‚¢ãƒ—ãƒªå…¥é‡‘æ–¹æ³•â‘¡ï½œã‚¯ãƒ¬ã‚¸ãƒƒãƒˆã‚«ãƒ¼ãƒ‰ã€å…¬å¼ã‚¬ã‚¤ãƒ‰ã€‘,https://www.youtube.com/watch?v=Pavb3eB_hPo&pp=ygUGWm9vbWV4,438æ¬¡è§‚çœ‹
2023ï¼Œæˆ‘å›ä¾†äº†! äº¤ä»£è¿‘æ³èˆ‡æœªä¾†å±•æœ›! #ftx #zoomex #å¹£å®‰,https://www.youtube.com/watch?v=f2Btww3kdZE&pp=ygUGWm9vbWV4,49æ¬¡è§‚çœ‹
How To Withdraw Your Fund from ZOOMEX Exchange,https://www.youtube.com/watch?v=KRh7Exgv8bw&pp=ygUGWm9vbWV4,755æ¬¡è§‚çœ‹
Ğ Ğ¾Ğ·Ğ´Ğ°Ñ‡Ğ° Zoomex #Shorts,https://www.youtube.com/shorts/2bNczlQJl9s,7æ¬¡è§‚çœ‹
how to deposit USDT on ZOOMEX Crypto Exchange #howtotrade #shorts,https://www.youtube.com/shorts/v0F3vPWiXWk,290æ¬¡è§‚çœ‹
ğŸš€ZOOMEXğŸš€: $6.5 MILLION TO WIN WITH WSOT! LOTS OF PRIZES TO GRAB .,https://www.youtube.com/watch?v=l4tRTECf3RE&pp=ygUGWm9vbWV4,123æ¬¡è§‚çœ‹
Zoomex Review: Why Zoomex Stands Out in the Highly-Stacked Crypto Market,https://www.youtube.com/watch?v=JWbIXMUM6xc&pp=ygUGWm9vbWV4,4æ¬¡è§‚çœ‹
The Zoomex Fam *Intro* (First Video),https://www.youtube.com/watch?v=A_Bie8Q4EC8&pp=ygUGWm9vbWV4,131æ¬¡è§‚çœ‹
"20$ Instant Profit, ğŸ˜± Zoomex Exchange Loot, Zoomex Airdrop, Zoomex Withdrawal, Real Airdrop",https://www.youtube.com/watch?v=k_Ae8XCB9Mo&pp=ygUGWm9vbWV4,1332æ¬¡è§‚çœ‹
zoomex f36050 ile yeryÃ¼zÃ¼ gÃ¶zlemi #uzay #zoomex @zoomextr,https://www.youtube.com/shorts/SUz2_7wV8DI,2441æ¬¡è§‚çœ‹
Zoomex..,https://www.youtube.com/shorts/wec5QSwITAk,504æ¬¡è§‚çœ‹
ZOOMEX | Best Exchange Platform 2023,https://www.youtube.com/watch?v=toiHMzrJVX8&pp=ygUGWm9vbWV4,5126æ¬¡è§‚çœ‹
zoomexå–å¼•ã€å‡ºé‡‘æ–¹æ³•,https://www.youtube.com/watch?v=N6c8RpIFvMg&pp=ygUGWm9vbWV4,390æ¬¡è§‚çœ‹
70k in ten days!!! #crypto #bitcoin #finance #trading #zoomex,https://www.youtube.com/shorts/reIaaUpdl5w,457æ¬¡è§‚çœ‹
Zoomex Calculator,https://www.youtube.com/watch?v=itP1gMKJbHE&pp=ygUGWm9vbWV4,1.5ä¸‡æ¬¡è§‚çœ‹
Zoomex S9 Performance Scooter,https://www.youtube.com/shorts/MPg25-RLwlo,25æ¬¡è§‚çœ‹
Scalping Crypto en DIRECT #zoomex,https://www.youtube.com/shorts/x7Ku2pRjfN8,978æ¬¡è§‚çœ‹
ã€ZOOMEXã€‘åˆå¿ƒè€…å‘ã‘ã«ä½¿ã„æ–¹è§£èª¬ï¼å£åº§é–‹è¨­ã€å…¥é‡‘ã€ãƒ¬ãƒãƒ¬ãƒƒã‚¸å–å¼•ï¼,https://www.youtube.com/watch?v=IyVYne73UsE&pp=ygUGWm9vbWV4,1ä¸‡æ¬¡è§‚çœ‹
Zoomex-Smartphone Selfie Kit,https://www.youtube.com/shorts/_bAG0aQguKM,22æ¬¡è§‚çœ‹
ZOOMEX - Ğ”Ğ¾ÑÑ‚ÑƒĞ¿ Ğº ÑƒĞ¼Ğ½Ñ‹Ğ¼ Ğ¸Ğ½Ğ²ĞµÑÑ‚Ğ¸Ñ†Ğ¸ÑĞ¼!!! #zoomex,https://www.youtube.com/watch?v=LLA63mFdN0w&pp=ygUGWm9vbWV4,2.2ä¸‡æ¬¡è§‚çœ‹
Zoomex!Get access to smart investments with ZOOMEX ! High commission of 40% on affiliate program !,https://www.youtube.com/watch?v=FNJwYhIrWR0&pp=ygUGWm9vbWV4,3.2ä¸‡æ¬¡è§‚çœ‹
Zoomex-Hot Gel Uses in Hindi | Side Effects | Dose,https://www.youtube.com/watch?v=QXXH7A3PQY4&pp=ygUGWm9vbWV4,24æ¬¡è§‚çœ‹
ZOOMEX - Best Trading Platform 2023,https://www.youtube.com/watch?v=XGiRApUsO-k&pp=ygUGWm9vbWV4,9083æ¬¡è§‚çœ‹
ì£¼ë§¥ìŠ¤(zoomex)ëŠ” ë°”ì´ë¹„íŠ¸ì™€ í˜‘ë ¥í•˜ëŠ” ì•ˆì „í•œ ì„ ë¬¼/ë§ˆì§„ ê±°ë˜ì†Œì…ë‹ˆë‹¤.,https://www.youtube.com/watch?v=sqlvKyQt7Gg&pp=ygUGWm9vbWV4,1338æ¬¡è§‚çœ‹
Zoomex Futures Referral Code [ZX37120] â€“ Up To 15% Off On Fee,https://www.youtube.com/watch?v=hvZQnAMLO1w&pp=ygUGWm9vbWV4,20æ¬¡è§‚çœ‹
ZOOMEX BIGGEST AIRDROP IN 2022,https://www.youtube.com/watch?v=kWCPCPbi7V0&pp=ygUGWm9vbWV4,24æ¬¡è§‚çœ‹
Zoomex-Smartphone Stabilizer Kit,https://www.youtube.com/shorts/36-4FRFbAuA,6æ¬¡è§‚çœ‹
âœï¸ ZOOMEX: WSOP 2023 fino a 7.000.000$ e 25 USDT AIRDROP - come funziona âœï¸ [approfondimento],https://www.youtube.com/watch?v=TW3At06A5kY&pp=ygUGWm9vbWV4,542æ¬¡è§‚çœ‹
ZOOMEX | How to Constantly make Money from Crypto | $6.5 Million Prize Pool,https://www.youtube.com/watch?v=UbA5OClLU_c&pp=ygUGWm9vbWV4,1208æ¬¡è§‚çœ‹
JOIN WSOT IN ZOOMEX | WORLD SERIES OF TRADING | GET BIG DISCOUNT FEES,https://www.youtube.com/watch?v=ajDJN6u45qk&pp=ygUGWm9vbWV4,4077æ¬¡è§‚çœ‹
MAXIMIZE Crypto PROFITS With ZOOMEX | TOP Crypto Exchange to Trade Bitcoin in the US?,https://www.youtube.com/watch?v=Pghu1h3_lmQ&pp=ygUGWm9vbWV4,354æ¬¡è§‚çœ‹
Zoomex Exchange Big Airdrop For everyone ğŸ”¥- Make account and get $20 ( â‚¹1700 ) + $20 Per Refer,https://www.youtube.com/watch?v=AO_zYbuO2hA&pp=ygUGWm9vbWV4,283æ¬¡è§‚çœ‹
DJ Zoomex,https://www.youtube.com/shorts/6egwzb5O4gQ,20æ¬¡è§‚çœ‹
ZOOMEX REGALA $30 USDT por hacer unos simples pasos #ZOOMEXAIRDROP,https://www.youtube.com/shorts/_InB4l_KIQo,608æ¬¡è§‚çœ‹
"ğŸ”´ ZOOMEX Organizes World Cup Campaign with Messi, Genesis Sought $1B Bailout From Investors and more",https://www.youtube.com/watch?v=hK2-TziCA5M&pp=ygUGWm9vbWV4,89æ¬¡è§‚çœ‹
Zoomex - The World Class Digital Asset Exchange! #1,https://www.youtube.com/watch?v=gATG4Tetp_8&pp=ygUGWm9vbWV4,3.3ä¸‡æ¬¡è§‚çœ‹
ZoomEx,https://www.youtube.com/watch?v=1z72xZTpAww&pp=ygUGWm9vbWV4,165æ¬¡è§‚çœ‹
Zoomexã‚¢ãƒ—ãƒªå…¥é‡‘æ–¹æ³•â‘ ï½œéŠ€è¡ŒæŒ¯è¾¼ã€å…¬å¼ã‚¬ã‚¤ãƒ‰ã€‘,https://www.youtube.com/watch?v=rq3YKHnSB3w&pp=ygUGWm9vbWV4,895æ¬¡è§‚çœ‹
ZOOMEX TUTORIEL TRADING FR | Futures et sans KYC,https://www.youtube.com/watch?v=MU9DDaYbLpU&pp=ygUGWm9vbWV4,3033æ¬¡è§‚çœ‹
ë‚˜ë§Œ ëª¨ë¥´ëŠ” ì£¼ë§¥ìŠ¤ zoomex ìˆ˜ìˆ˜ë£Œ #shorts #ë¹„íŠ¸ê²Ÿ #ë¹„íŠ¸ì½”ì¸ #ì´ë”ë¦¬ì›€ #ì…€í¼ëŸ´,https://www.youtube.com/shorts/UftFOGJfeG4,494æ¬¡è§‚çœ‹
powerful ZOOMING CAMERA 77x Zoom Power #shorts #zoomex #zoom #dslr,https://www.youtube.com/shorts/RddA1tEprMM,483æ¬¡è§‚çœ‹
NIKE ZOOMEX FIRST COPY AVAILABLE âœ…#trending #youtubeshorts #fyp #foryoupage,https://www.youtube.com/shorts/Gn45KeS6qE8,167æ¬¡è§‚çœ‹
Zoomex..,https://www.youtube.com/shorts/qb2hj6prTnM,373æ¬¡è§‚çœ‹
Comment je RENTRE en SCALPING ? | LIVE TRADING SUR ZOOMEX #crypto #trading,https://www.youtube.com/watch?v=MBEBo1Js7XY&pp=ygUGWm9vbWV4,824æ¬¡è§‚çœ‹
Zoomex ZWTC is ON! 2 Million Prize Pool is Waiting for YOU!!!,https://www.youtube.com/watch?v=qoNmtWXfXfI&pp=ygUGWm9vbWV4,26æ¬¡è§‚çœ‹
Zoomex Tutorial.,https://www.youtube.com/shorts/CCnwWECNDT4,513æ¬¡è§‚çœ‹
Zoomex | The Access to Smart Investment - Zoomex,https://www.youtube.com/watch?v=6V3pFkJkb9I&pp=ygUGWm9vbWV4,1.5ä¸‡æ¬¡è§‚çœ‹
Zoomex Announces Sponsorship of Ferrari Driver Oliver Bearman and Launches 1 BTC Giveaway to,https://www.youtube.com/watch?v=8OQiKXhZkV0&pp=ygUGWm9vbWV4,7æ¬¡è§‚çœ‹
Zoomex Referral Code - ZX37120 Get 15 % Off On Trading Fees | Zoomex Invite Code #referralcode,https://www.youtube.com/shorts/0SuLz0H8krU,4æ¬¡è§‚çœ‹
Zoomex â€“ Zoomex Review & Tutorial 2023: Beginners guide on how to use Zoomex.,https://www.youtube.com/watch?v=twUNyJUv2Vw&pp=ygUGWm9vbWV4,8æ¬¡è§‚çœ‹
ğŸ’¥ Esta RULETA REGALA DINERO! 3er Aniversario De Zoomex! | Como GANAR CRIPTOMONEDAS GRATIS 2024,https://www.youtube.com/watch?v=q069NhgklUo&pp=ygUGWm9vbWV4,5392æ¬¡è§‚çœ‹
ZoomEx - A Lon'(onother drunk live 2016),https://www.youtube.com/watch?v=tKB_7FR6qVQ&pp=ygUGWm9vbWV4,71æ¬¡è§‚çœ‹
10$ Reward Per Account || Zoomex Exchange Offer || New Airdrop Instant Withdraw || Crypto Loot Today,https://www.youtube.com/watch?v=pQm0JU-Txx0&pp=ygUGWm9vbWV4,170æ¬¡è§‚çœ‹
SEGUNDO LANG PWEDE NA PUMALDO!? | Zoomex Exchange To the Moon Game Tagalog Review + Gameplay,https://www.youtube.com/shorts/11_Idc8BBfY,503æ¬¡è§‚çœ‹
Zoomex World Trading Championship 2024: Traders to Rally Behind,https://www.youtube.com/watch?v=4uKWMSWbez0&pp=ygUGWm9vbWV4,6æ¬¡è§‚çœ‹
"Zoomex Referral Code - Get A $45,130 Sign Up Bonus (Code: ""ZX901784"")",https://www.youtube.com/watch?v=UCb64y2Gqqs&pp=ygUGWm9vbWV4,49æ¬¡è§‚çœ‹
"Trade, earn, and withdraw from ZOOMEX Exchange #shorts #zoomex",https://www.youtube.com/shorts/v8-xHGEiXnU,475æ¬¡è§‚çœ‹
"Zoomex - NO KYC, NO LIMITS with Lowest Fee",https://www.youtube.com/watch?v=AwNTQZI9qqE&pp=ygUGWm9vbWV4,153æ¬¡è§‚çœ‹
ğŸ¤‘GANA 20 USDT +20 USDT POR REFERIDO CON ZOOMEXâœ”âœ”ğŸ’²,https://www.youtube.com/watch?v=RCUY7rPJD_A&pp=ygUGWm9vbWV4,843æ¬¡è§‚çœ‹
Zoomex Announces Sponsorship of Ferrari Driver Oliver Bearman and Launches 1 BTC Giveaway to,https://www.youtube.com/watch?v=SVovDNnOr9g&pp=ygUGWm9vbWV4,25æ¬¡è§‚çœ‹
I Watched MOST DISTURBING Anime Ever Made in JAPAN..,https://www.youtube.com/watch?v=idcURLn--kQ&pp=ygUGWm9vbWV4,1.6ä¸‡æ¬¡è§‚çœ‹
ğŸš¨ [CAMPAÃ‘A CONCLUIDA] ÃšLTIMA HORA! Como GANAR CRIPTOS Â¡FÃCIL! Con Zoomex,https://www.youtube.com/watch?v=YhS7HjdjwKE&pp=ygUGWm9vbWV4,6942æ¬¡è§‚çœ‹
æµ·å¤–ã®æš—å·è³‡ç”£å–å¼•æ‰€ãªã‚‰Zoomexï¼ï¼åˆå¿ƒè€…ã‚‚ãƒ™ãƒ†ãƒ©ãƒ³ã‚‚Zoomexã«å…¨éƒ¨ãŠä»»ã›ï¼ï¼ #Zoomex #ã‚ºãƒ¼ãƒ¡ãƒƒã‚¯ã‚¹ #è§£èª¬å‹•ç”»,https://www.youtube.com/watch?v=EyPR8KW4USc&pp=ygUGWm9vbWV4,52æ¬¡è§‚çœ‹
Zoomex 114F1000EQ Astronomik Profesyonel Teleskop 1125X BÃ¼yÃ¼tme - #shorts #short,https://www.youtube.com/shorts/l3iZBT1CqT8,2619æ¬¡è§‚çœ‹
zoomex mosquito on handğŸœğŸœ,https://www.youtube.com/shorts/ngOz7et8gy4,142æ¬¡è§‚çœ‹
free $ 11 Worth 363 ZoomEx Token Crypto Exchange Airdrop,https://www.youtube.com/watch?v=1wqLP_NklN4&pp=ygUGWm9vbWV4,34æ¬¡è§‚çœ‹
Zoomex - The World Class Digital Asset Exchange! #2,https://www.youtube.com/watch?v=NfizejY8UN8&pp=ygUGWm9vbWV4,3.1ä¸‡æ¬¡è§‚çœ‹
Play Earn Money Crypto | Zoomex Profit | Making Video,https://www.youtube.com/watch?v=ZEN2BGNWiZ4&pp=ygUGWm9vbWV4,76æ¬¡è§‚çœ‹
Zoomex Referral Code (ZX37120) Get 15% Off On Your Trading Fees | Zoomex Invite Code,https://www.youtube.com/watch?v=b0UU4pb4bK0&pp=ygUGWm9vbWV4,12æ¬¡è§‚çœ‹
Zoomex exchange app loot/ Zoomex airdrop instant 20$ profit #cryptoloot #cryptocurrency,https://www.youtube.com/watch?v=352a2L7LOSw&pp=ygUGWm9vbWV4,60æ¬¡è§‚çœ‹
Zoomex agar.io player - new intro,https://www.youtube.com/watch?v=lFOuZnzIwFw&pp=ygUGWm9vbWV4,36æ¬¡è§‚çœ‹
ğŸ¤‘$10 Instant Zoomex Exchange New Offer ğŸ”¥|| Zoomex WithdrawalğŸ”¥|| New Crypto Loot || New AirdropğŸ”¥,https://www.youtube.com/watch?v=LXsCORwQYd8&pp=ygUGWm9vbWV4,51æ¬¡è§‚çœ‹
zoomex mikroskobunu inceledim,https://www.youtube.com/watch?v=2pnws7U0Aog&pp=ygUGWm9vbWV4,83æ¬¡è§‚çœ‹
ğŸ¤¯ 15$ + 5$ Withdraw In Zoomex ğŸ”¥ Zoomex Exchange Secret Loot ğŸ˜ Biggest Crypto Loot,https://www.youtube.com/watch?v=OzYHtjF4x_8&pp=ygUGWm9vbWV4,658æ¬¡è§‚çœ‹
how to place a trade on zoomex,https://www.youtube.com/shorts/8r4ZgFf1V6U,19æ¬¡è§‚çœ‹
"Zoomex Review 2023 : Access to Smart Investment | Available on US, CAN For Futures Trading | Part 2",https://www.youtube.com/watch?v=Chw-U9UdxEg&pp=ygUGWm9vbWV4,2.9ä¸‡æ¬¡è§‚çœ‹
Nuevo AIRDROP con ZOOMEX: Gana 10 usd hasta el 10 de Marzo + Pagando 450 USD en este video !!,https://www.youtube.com/watch?v=qahqD2CoTz8&pp=ygUGWm9vbWV4,484æ¬¡è§‚çœ‹
Revolutionize Your Crypto Journey as Zoomex Launches Game-Changing Tools and 2024 Token: Exclusive R,https://www.youtube.com/watch?v=_Qn-vul3ljM&pp=ygUGWm9vbWV4,7æ¬¡è§‚çœ‹
Zoomex Commuter Scooter,https://www.youtube.com/watch?v=FumuC7YcGTQ&pp=ygUGWm9vbWV4,9æ¬¡è§‚çœ‹
ZOOMEX New offer ğŸ¤‘ğŸ¤‘ Earn 20$+20$,https://www.youtube.com/watch?v=gWS1gnlqD9w&pp=ygUGWm9vbWV4,71æ¬¡è§‚çœ‹
$20 Zoomex Exchange Loot - Bitget Signup Bonus - New Crypto Loot Instant Withdrawal,https://www.youtube.com/watch?v=8Dxuz1GMr-Q&pp=ygUGWm9vbWV4,1984æ¬¡è§‚çœ‹
ã€cryptoã€‘ç‰¹å¤§ç‹™ã„ç›®ã‚¢ãƒ«ãƒˆUXLINKã‚·ãƒ§ãƒ¼ãƒˆç‚¸è£‚ï¼ZOOMEX ZWTC27æ—¥ã¾ã§ãƒãƒ¼ãƒ ãƒ¡ãƒ³ãƒãƒ¼å‹Ÿé›†ä¸­ï¼#btc #bitcoin #crypto #shorts #short #æš—å·è³‡ç”£,https://www.youtube.com/shorts/mW7V1KWgLvs,331æ¬¡è§‚çœ‹
ãƒ©ãƒ³ãƒã®ãŠå¾—ç´¹ä»‹å‹•ç”»ã€Œä»®æƒ³é€šè²¨å–å¼•æ‰€ #Zoomex #ã‚ºãƒ¼ãƒ¡ãƒƒã‚¯ã‚¹ã€,https://www.youtube.com/watch?v=Ds-_ACQQjio&pp=ygUGWm9vbWV4,38æ¬¡è§‚çœ‹
Sweet Love(zoomeX version),https://www.youtube.com/watch?v=Im7hnpmcI2U&pp=ygUGWm9vbWV4,47æ¬¡è§‚çœ‹
ğŸ¤¯ 15$ Instant Withdraw In Zoomex Exchange ğŸ”¥ Zoomex Exchange Secret Loot ğŸ˜ New Exchange Loot,https://www.youtube.com/watch?v=_e3rZxApz78&pp=ygUGWm9vbWV4,622æ¬¡è§‚çœ‹
"ZOOMEX Referral Code: ""ZX37120"" To get 15% off | ZOOMEX Invite Code",https://www.youtube.com/shorts/SWv4Q0QVBZ8,3æ¬¡è§‚çœ‹
Â¡Â¡GANA CRIPTOMONEDAS GRATIS!! ğŸ¤‘ - NUEVO AIRDROP (Zoomex) ğŸŸ¢,https://www.youtube.com/watch?v=Nn8RI_k8zxE&pp=ygUGWm9vbWV4,1051æ¬¡è§‚çœ‹
zoomex x b roll using osmo pocket,https://www.youtube.com/watch?v=qAAhJLfO5tA&pp=ygUGWm9vbWV4,100æ¬¡è§‚çœ‹
Zoomex - Ğ¾Ğ±Ğ·Ğ¾Ñ€ Ğ¸Ğ½Ñ‚ĞµÑ€ĞµÑĞ½Ğ¾Ğ¹ Ğ¸ Ğ½Ğ°Ğ´ĞµĞ¶Ğ½Ğ¾Ğ¹ Ğ±Ğ¸Ñ€Ğ¶Ğ¸ | Ğ‘Ğ¾Ğ½ÑƒÑ Ğ´Ğ»Ñ Ğ½Ğ¾Ğ²Ğ¸Ñ‡ĞºĞ¾Ğ²,https://www.youtube.com/watch?v=nTnI-1iASTo&pp=ygUGWm9vbWV4,1.2ä¸‡æ¬¡è§‚çœ‹
ğŸ”¥ĞŸĞ¾Ğ»ÑƒÑ‡Ğ°ĞµĞ¼ 20$ Ğ¾Ñ‚ Zoomex | Ğ¾Ğ±Ğ·Ğ¾Ñ€ Ğ±Ğ¸Ñ€Ğ¶Ğ¸ zoomex | dex Ğ±Ğ¸Ñ€Ğ¶Ğ° | Ğ·Ğ°Ñ€Ğ°Ğ±Ğ¾Ñ‚Ğ¾Ğº Ğ² ĞºÑ€Ğ¸Ğ¿Ñ‚Ğ¾Ğ²Ğ°Ğ»ÑÑ‚Ğµ,https://www.youtube.com/watch?v=ZPMId-JtzHA&pp=ygUGWm9vbWV4,4ä¸‡æ¬¡è§‚çœ‹
ğŸ† ZOOMEX: TUTORIAL COMPLETO + COMPETITION [guida completa 2024],https://www.youtube.com/watch?v=VmB_pdgq0j0&pp=ygUGWm9vbWV4,297æ¬¡è§‚çœ‹
ZOOMEX PAGA? LO QUE NADIE TE DICE!! ğŸ¤«,https://www.youtube.com/watch?v=C7cKYEfKWHM&pp=ygUGWm9vbWV4,3797æ¬¡è§‚çœ‹
Zoomex Exchange Offer | New Crypto Loot | New Exchange Offer | New Crypto Offer | Crypton | crypton,https://www.youtube.com/watch?v=SdBSWpAtT54&pp=ygUGWm9vbWV4,132æ¬¡è§‚çœ‹
Zoomex /Pegasus 39 /sports SHOES #footzipfootwear All india cash on delivery,https://www.youtube.com/shorts/i_fUnPi4OeI,56æ¬¡è§‚çœ‹
zoomex è² ã‘ã‚‹è¨³ãªã„100%ãƒœãƒ¼ãƒŠã‚¹,https://www.youtube.com/watch?v=gbantSf6OOU&pp=ygUGWm9vbWV4,430æ¬¡è§‚çœ‹
zoomex 1200 x zoom ğŸ¦ karides ğŸ¦ gÃ¼nlÃ¼ÄŸÃ¼â™¥ï¸,https://www.youtube.com/watch?v=AwO8zLTGLJ8&pp=ygUGWm9vbWV4,63æ¬¡è§‚çœ‹
New crypto loot offer today : ZOOMEX app refer and earn || Sing up 20$ || Crypto currency app,https://www.youtube.com/watch?v=KmktJA4FFcE&pp=ygUGWm9vbWV4,1038æ¬¡è§‚çœ‹
ğŸ”¥Earn Free $20 Instant | Zoomex Exchange Offer | Zoomex Exchange Airdrop | Crypto Loot,https://www.youtube.com/watch?v=W-8rEFjUNjg&pp=ygUGWm9vbWV4,717æ¬¡è§‚çœ‹
"ZOOMEX WSOT $700è¬ç¾é‡‘ç­‰ä½ æ‹¿,å³åˆ»å»ç‰‡!",https://www.youtube.com/watch?v=LXYiNGLU7eE&pp=ygUGWm9vbWV4,71æ¬¡è§‚çœ‹
ZOOMEX å–å¼•æ–¹æ³•ã€€å£åº§é–‹è¨­ãƒœãƒ¼ãƒŠã‚¹è²°ã„æ–¹ï¼,https://www.youtube.com/watch?v=RCqNtkQBxkY&pp=ygUGWm9vbWV4,333æ¬¡è§‚çœ‹
Gevaert Zoomex - Camera Shutter Sound,https://www.youtube.com/shorts/r6Rsq-KIUh8,106æ¬¡è§‚çœ‹
Copy trading: Invierte Conmigo y Caminemos juntos #GUIA-PARA-TODOS #zoomex #operaientrasduermes,https://www.youtube.com/watch?v=n6_nrjN1wSw&pp=ygUGWm9vbWV4,760æ¬¡è§‚çœ‹
Flea market treasure 1960s vintage Gevaert Zoomex film camera,https://www.youtube.com/watch?v=ZcH6aiGHEJs&pp=ygUGWm9vbWV4,4793æ¬¡è§‚çœ‹
Zoomex Tutorial,https://www.youtube.com/watch?v=9q4Hf8JrTwo&pp=ygUGWm9vbWV4,14æ¬¡è§‚çœ‹
Instant 20$ USDT || Zoomex Exchange New Offer ||,https://www.youtube.com/watch?v=a5vE4Kj-N1o&pp=ygUGWm9vbWV4,263æ¬¡è§‚çœ‹
Zoomex : NouveautÃ©s FonctionnalitÃ©s + Calcul de Position !,https://www.youtube.com/watch?v=Quy1aLTI3BE&pp=ygUGWm9vbWV4,1020æ¬¡è§‚çœ‹
è³é‡‘ç·é¡4å„„å††ï¼ZOOMEXä¸–ç•Œãƒˆãƒ¬ãƒ¼ãƒ‰ã‚³ãƒ³ãƒ†ã‚¹ãƒˆå„ªå‹å®Ÿç¸¾ã‚’èª‡ã‚‹MASAç‡ã„ã‚‹MASALONã§ ZWTCãƒãƒ¼ãƒ æˆ¦å…¥è³ç›®æŒ‡ã—ã¾ã™ï¼ #zoomex #btc #bitcoin #crypto #æŠ•è³‡,https://www.youtube.com/shorts/Or3U26WFo4s,140æ¬¡è§‚çœ‹
ZOOMEX - Ğ¥Ğ°Ğ»ÑĞ²Ğ°!!! Ğ—Ğ°Ğ¹Ğ´Ğ¸ Ğ¸ ĞŸĞ¾Ğ»ÑƒÑ‡Ğ¸ Ğ‘Ğ°Ğ±Ğ»Ğ¾!!! #ZOOMEX,https://www.youtube.com/watch?v=OfB231QZtwM&pp=ygUGWm9vbWV4,4.5ä¸‡æ¬¡è§‚çœ‹
zoomex trending shoesâ¤ï¸ ll trending fashion #fashiontrends #fashion #shoes #trandyfashion #short,https://www.youtube.com/shorts/O4UuoQIGf2A,25æ¬¡è§‚çœ‹
ğŸ˜±à§©à§«$ à¦¡à¦²à¦¾à¦° à¦¸à¦¬à¦¾à¦‡à¦•à§‡ à¦¦à¦¿à¦šà§à¦›à§‡ğŸ¤‘ || Zoomex Exchanger 35$ USDT || Instant Loot Offer ğŸ¤‘ Unlimited Trick,https://www.youtube.com/watch?v=cIkHsC20aoE&pp=ygUGWm9vbWV4,2370æ¬¡è§‚çœ‹
New Exchange loot Offers Today || ZOOMEX Singup 20$ Per Refer 20$ || New Exchange Offers || ZOOMEX,https://www.youtube.com/watch?v=nwU5C7JteF8&pp=ygUGWm9vbWV4,88æ¬¡è§‚çœ‹
ZoomEx Exchange 2nd Round|10$+Each Reffer 10$ |Exchange Airdrop| Instant Withdraw Airdrop,https://www.youtube.com/watch?v=8CPgXGjZEco&pp=ygUGWm9vbWV4,389æ¬¡è§‚çœ‹
(USDT-200$ğŸ¤‘) Zoomex Exchange | Zoomex Exchange Payment Proof | New Airdrop Today | Instantly Payment,https://www.youtube.com/watch?v=Y6gwFh3s5HE&pp=ygUGWm9vbWV4,627æ¬¡è§‚çœ‹
Zoomex le remplaÃ§ant de bybit ? #crypto #bitcoin #btc #trading,https://www.youtube.com/shorts/47Z-CvKIbC0,132æ¬¡è§‚çœ‹
Official Deejay Zoomex,https://www.youtube.com/shorts/evFshplvit4,8æ¬¡è§‚çœ‹
Instantly 40$ ğŸ | ZOOMEX App Biggest Loot ğŸ¤‘ | New Crypto Loot Today | New Biggest Loot Crypto 2022,https://www.youtube.com/watch?v=JXWG-4GELJw&pp=ygUGWm9vbWV4,168æ¬¡è§‚çœ‹
20$ Zoomex Exchange Loot | Without Kyc Withdraw | New Crypto Loot Today|Crypto Loot Instant Withdraw,https://www.youtube.com/watch?v=N3NjkRaD1P0&pp=ygUGWm9vbWV4,73æ¬¡è§‚çœ‹
Zoomex Coin I New ICO Launched I Purchase Zoomex Coin Now I MLM SUCCESS TIPS I#newcryptocoin #zoomex,https://www.youtube.com/watch?v=rRM3Fl2ZLU4&pp=ygUGWm9vbWV4,9640æ¬¡è§‚çœ‹
30$ Future Bonus Loot ! Zoomex Exchange 30$ Bonus Loot ! Zoomex Exchange Withdraw ! No Kyc Loot,https://www.youtube.com/watch?v=QrfhRN--4AM&pp=ygUGWm9vbWV4,497æ¬¡è§‚çœ‹
ZOOMEX Exchange BIG offer! Make $300 Now || Top Crypto Exchange || Cryptocurrency,https://www.youtube.com/watch?v=FjuwerT_M2Y&pp=ygUGWm9vbWV4,1481æ¬¡è§‚çœ‹
Zoomex F90060M teleskop ay gÃ¶rÃ¼ntÃ¼sÃ¼,https://www.youtube.com/shorts/31QYc63SyAk,1322æ¬¡è§‚çœ‹
Pourquoi et comment utiliser ZOOMEX ! Mon avis & tuto sur cet exchange de trading crypto !,https://www.youtube.com/watch?v=QVrBL2S4BU4&pp=ygUGWm9vbWV4,636æ¬¡è§‚çœ‹
Join Zoomex Airdrop Get 363 ZXE tokens(11$) | Join Civic Wallet Airdrop,https://www.youtube.com/watch?v=r2Wy-2xJulw&pp=ygUGWm9vbWV4,46æ¬¡è§‚çœ‹
10$ instant Zoomex App Withdrawal ||Zoomex App Withdrawal Proof || New Airdrop,https://www.youtube.com/watch?v=VqyIPgR4cFQ&pp=ygUGWm9vbWV4,30æ¬¡è§‚çœ‹
ğŸ¤‘$20 Instant Crypto loot | ZOOMEX Crypto WithdrawalğŸ”¥ | Singup & Withdrawal | Today New Crypto loot ğŸ”¥,https://www.youtube.com/watch?v=7VJq6tIAUSs&pp=ygUGWm9vbWV4,114æ¬¡è§‚çœ‹
ZOOMEX verification/P2P,https://www.youtube.com/watch?v=UFWPbsX2ZwA&pp=ygUGWm9vbWV4,32æ¬¡è§‚çœ‹
Nike zoomex /run #footzipfootwear#nike #puma #viralvideo,https://www.youtube.com/watch?v=vpcv5u1fHYU&pp=ygUGWm9vbWV4,185æ¬¡è§‚çœ‹
#casino #zoomex #mahadev,https://www.youtube.com/shorts/oPRUJM5uz4I,437æ¬¡è§‚çœ‹
5$ Future Bonus Instant || Zoomex Exchange Offer || New Airdrop Instant Withdraw ||Crypto Loot Today,https://www.youtube.com/watch?v=t6t5M5f2tMs&pp=ygUGWm9vbWV4,404æ¬¡è§‚çœ‹
ğŸ˜±40$ Per AccountğŸ”¥Foxwallet Withdrawal ProcessğŸ”¥Zoomex Withdrawal #Zoomax #Foxwalletunlimitedtrick#GST,https://www.youtube.com/watch?v=KY4pQWOhlcc&pp=ygUGWm9vbWV4,632æ¬¡è§‚çœ‹
ã€BTCã€‘è³é‡‘ç·é¡2ä¸‡ãƒ‰ãƒ«â€¼ï¸#shorts #btc #bitcoin #crypto #zoomex #æš—å·è³‡ç”£ #æš—å·é€šè²¨ #æŠ•è³‡ #fx #fxåˆå¿ƒè€… #ãŠé‡‘ #å‰¯æ¥­,https://www.youtube.com/shorts/iL7AejcdE3k,458æ¬¡è§‚çœ‹
"ğŸš¨ TOTALMENTE GRATIS - $3000 GANADOS CON ZOOMEX / 0% RIESGO, TE PROTEJO EL CAPITAL ğŸš¨",https://www.youtube.com/watch?v=sclILA_DOl8&pp=ygUGWm9vbWV4,673æ¬¡è§‚çœ‹
40$ instant zoomex withdraw | Kucoin new loot | 10$ per account,https://www.youtube.com/watch?v=jW3b17IBAtU&pp=ygUGWm9vbWV4,172æ¬¡è§‚çœ‹
"Zoomex.top, Reviews Paying Or Not Paying, & #HYIP daily update, #all hyip monitors 24 hour,",https://www.youtube.com/watch?v=OuDONONx3C4&pp=ygUGWm9vbWV4,29æ¬¡è§‚çœ‹
New Crypto Offer $20 Instant ğŸ¤‘Zoomex Airdrop loot ğŸ’¸ $20+$20 loot || With Unlimited Trick,https://www.youtube.com/watch?v=hF88j5AOk9g&pp=ygUGWm9vbWV4,36æ¬¡è§‚çœ‹
BTCã‚·ãƒ§ãƒ¼ãƒˆç‚¸è£‚ä¸­ï¼ZOOMEX ZWTC24æ—¥ã¾ã§ãƒãƒ¼ãƒ ãƒ¡ãƒ³ãƒãƒ¼å‹Ÿé›†ä¸­ï¼#btc #bitcoin #shorts #shorts #crypto #ãƒ“ãƒƒãƒˆã‚³ã‚¤ãƒ³ #ä»®æƒ³é€šè²¨ #æš—å·è³‡ç”£,https://www.youtube.com/shorts/86w6l9skjyM,133æ¬¡è§‚çœ‹
Instant $5 Per Account profits ğŸ¤‘ || Zoomex Exchange event || Today New Instant Airdrop offer,https://www.youtube.com/watch?v=v78rgMcWO7E&pp=ygUGWm9vbWV4,1905æ¬¡è§‚çœ‹
ğŸ… DESCUBRE CÃ“MO GANAR 10$ RÃPIDOS y RETIRABLES AHORA CON ZOOMEX,https://www.youtube.com/shorts/GTbKW2w-B-I,947æ¬¡è§‚çœ‹
ğŸ”¥ğŸ”¥Zoomex App New Biggest Wallet Airdrop For All ll Singup Bonus 800â‚¹ Profit ll No Need Kyc ll,https://www.youtube.com/watch?v=B_T8dsuCQD4&pp=ygUGWm9vbWV4,2447æ¬¡è§‚çœ‹
Zoomex Exchange New Offer || Signup $10 And Per Refer $10 | Instant Withdrawal Airdrop || CryptoLoot,https://www.youtube.com/watch?v=uj24nzSILOY&pp=ygUGWm9vbWV4,745æ¬¡è§‚çœ‹
20$ à¦ªà§‡à¦®à§‡à¦¨à§à¦Ÿ à¦ªà§à¦°à§à¦« ğŸ¤‘ ZoomEx Wallet Unlimited Trick || Zoomex Exchange airdrop || binance New,https://www.youtube.com/watch?v=1IVIjF5gY68&pp=ygUGWm9vbWV4,97æ¬¡è§‚çœ‹
ğŸ30$ GRATIS CON ZOOMEX AIRDROP SIN KYC Y VÃLIDO PARA LATAM #zoomex #airdrop #zoomexperiment,https://www.youtube.com/shorts/uBmqDLmqdDI,194æ¬¡è§‚çœ‹
ğŸ”¥ Zoomex Crypto Loot ~ Signup 20$+20$+20$ Per Reffer 20$+20$ğŸ¤‘| Instant Loot #cryptoloot,https://www.youtube.com/watch?v=NOb-zXNF89Q&pp=ygUGWm9vbWV4,158æ¬¡è§‚çœ‹
"Zoomex exchange big lootğŸ’² sign up 1700rs,per refer 1700rs #viralvideo #eagletek #btrick #youtube",https://www.youtube.com/watch?v=DGerpxlHaUg&pp=ygUGWm9vbWV4,60æ¬¡è§‚çœ‹
ğŸ”´æ¯”ç‰¹å¹£å¼·å‹¢èª¿æ•´ï¼æ©Ÿæœƒåœ¨ä»¥å¤ªåŠï¼[12/9],https://www.youtube.com/watch?v=gKde4nYPsCY&pp=ygUGWm9vbWV4,7714æ¬¡è§‚çœ‹
ğŸ”¥ Zoomex Loot !! SignUp Bones 20$ !! Claim Full Process !! Instant Payment !!,https://www.youtube.com/watch?v=td4rbWVpmRc&pp=ygUGWm9vbWV4,399æ¬¡è§‚çœ‹
ZOOMEX Exchange BIG offer! Make $300 Now || Top Crypto Exchange || Cryptocurrency,https://www.youtube.com/watch?v=FjuwerT_M2Y&pp=ygUGWm9vbWV4,1481æ¬¡è§‚çœ‹
Instant 30$ Live WithdrawalğŸ¥° Zoomex Exchange AirdropğŸ¤‘Instant Payment AirdropğŸ¤‘New Airdrop Today,https://www.youtube.com/watch?v=hCymIbK6UZA&pp=ygUGWm9vbWV4,1107æ¬¡è§‚çœ‹
ğŸSORTEO ZOOMEX 100$ + AIRDROP 5$ RETIRABLES (SIN KYC),https://www.youtube.com/shorts/JaTxeSX84YA,43æ¬¡è§‚çœ‹
12$ Instant Withdraw In Snapex Exchange ğŸ˜ Zoomex Exchange Loot ğŸ˜ GST Fun Unlimited Trick,https://www.youtube.com/watch?v=_AxWtEgbMkc&pp=ygUGWm9vbWV4,1153æ¬¡è§‚çœ‹
ğŸ¤¯ 50$ Instant Withdraw In Zoomex Exchange ğŸ”¥ Deepcoin Secret Loot ğŸ˜ Instant Future Bonus Loot,https://www.youtube.com/watch?v=1ZFAk0J6ZGw&pp=ygUGWm9vbWV4,1033æ¬¡è§‚çœ‹
ğŸ¤¬ğŸ˜¥ ZOOMEX nos ESTAFO? o fue el youtuber ROMAN VILLALBA? â–ŒSaquen su dinero de ZOOMEX,https://www.youtube.com/watch?v=MVbPJyNQAIY&pp=ygUGWm9vbWV4,672æ¬¡è§‚çœ‹
ğŸ¤¯ 15$ Instant Future Bonus In Zoomex ğŸ”¥ No Kyc Instant Claim ğŸ˜ Instant Exchange Loot,https://www.youtube.com/watch?v=WFB7SaRvfVA&pp=ygUGWm9vbWV4,530æ¬¡è§‚çœ‹
Zoomex Crypto Loot App || Signup ğŸ’¸$30ğŸ’¸+$30+$30 | Instant Withdrawal ğŸ’¹ | #crypto #airdrop,https://www.youtube.com/watch?v=ecirA1-NZjQ&pp=ygUGWm9vbWV4,231æ¬¡è§‚çœ‹
ğŸš€ ç™»éŒ²ã ã‘ã§20$ç›¸å½“ã®ãƒœãƒ¼ãƒŠã‚¹ï¼ï¼Ÿã€ZOOMEXã€‘ï¼šãŠå¾—ãŒã„ã£ã±ã„æ¬¡ä¸–ä»£ã®ä»®æƒ³é€šè²¨å–å¼•æ‰€ğŸš€,https://www.youtube.com/watch?v=oFF738dJRGA&pp=ygUGWm9vbWV4,52æ¬¡è§‚çœ‹
zoomex solution ğŸš€,https://www.youtube.com/watch?v=S1WIS8OxY5A&pp=ygUGWm9vbWV4,292æ¬¡è§‚çœ‹
Delay Effect Comparison: Zoom MS-70CDR+ Digital Delay VS M-VAVE Black Box Delay,https://www.youtube.com/shorts/q8V98gsc0z4,748æ¬¡è§‚çœ‹
Over âŒï¸45$ Get Instant Airdrop Free | Zoomex Exchange Instant Airdrop | New Crypto Airdrop 2023 |,https://www.youtube.com/watch?v=ZzzLh4Mvk1I&pp=ygUGWm9vbWV4,3391æ¬¡è§‚çœ‹
How to fold my paper airplane called the Zoomex,https://www.youtube.com/watch?v=ACkYVqWh8cY&pp=ygUGWm9vbWV4,5æ¬¡è§‚çœ‹
Zoomex 60F700TX kurulum videosu,https://www.youtube.com/watch?v=IFDDeXXNeb4&pp=ygUGWm9vbWV4,989æ¬¡è§‚çœ‹
ğŸ¤¯ 5$ Instant Withdraw In Zoomex Exchange ğŸ”¥ Direct spot Withdraw Loot ğŸ˜ Zoomex Exchange Loot,https://www.youtube.com/watch?v=CpEoQuOnFeI&pp=ygUGWm9vbWV4,596æ¬¡è§‚çœ‹
Zoomex STX-1200 mikroskop,https://www.youtube.com/watch?v=gnsARPn3_9Y&pp=ygUGWm9vbWV4,2050æ¬¡è§‚çœ‹
ã€å®Œå…¨è§£èª¬ã€‘ä»®æƒ³é€šè²¨å–å¼•æ‰€ZOOMEXã®å¥‘ç´„ãƒˆãƒ¬ãƒ¼ãƒ‰ã®ã‚„ã‚Šæ–¹,https://www.youtube.com/watch?v=WLR9SQckVrg&pp=ygUGWm9vbWV4,188æ¬¡è§‚çœ‹
National #natural #newmusic #junglesafari #interview #zoomex,https://www.youtube.com/shorts/eTt8FDIEn7A,51æ¬¡è§‚çœ‹
"1í¸ ì£¼ë©•ìŠ¤(ZOOMEX) ê±°ë˜ì†Œ ì…,ì¶œê¸ˆ í•˜ëŠ” ë°©ë²•",https://www.youtube.com/watch?v=r0yrTVXsdNM&pp=ygUGWm9vbWV4,6870æ¬¡è§‚çœ‹
zoomex 5$ claim korlm...ğŸ˜³ğŸ˜³ğŸ˜³ alhamdulillah sobaii claim kore nen....ğŸ‰ğŸ‰ğŸ‰ğŸ‰ğŸ‰ğŸ‰,https://www.youtube.com/watch?v=QNBSSy7dOSU&pp=ygUGWm9vbWV4,31æ¬¡è§‚çœ‹
New Zoomex Airdrop In Telugu | Signup Bonus $20 And Per Refer $20 Easily | Zoomex Withdraw Proof,https://www.youtube.com/watch?v=B1mTYs_8OOI&pp=ygUGWm9vbWV4,477æ¬¡è§‚çœ‹
ğŸ”¥Instant 20$ LootğŸ”¥|| Zoomex Withdrawal || instant Payment Loot Today || New Crypto Loot Today #zomkr,https://www.youtube.com/watch?v=Vj-yf5K1JJA&pp=ygUGWm9vbWV4,784æ¬¡è§‚çœ‹
ã€Zoomexã‚¹ãƒãƒ›å®Œå…¨ã‚¬ã‚¤ãƒ‰ã€‘å£åº§é–‹è¨­ã€å…¥é‡‘ã€ã‚»ã‚­ãƒ¥ãƒªãƒ†ã‚£ãƒ¼å¼·åŒ–ã€å–å¼•ã¾ã§å¾¹åº•è§£èª¬ï¼å–å¼•æ‰‹æ•°æ–™30%å‰²å¼•ç´¹ä»‹ã‚³ãƒ¼ãƒ‰ï¼šZX901775,https://www.youtube.com/watch?v=O9BTLOXHk80&pp=ygUGWm9vbWV4,1046æ¬¡è§‚çœ‹
ã‚¤ãƒ¼ãƒ­ãƒ³ãƒã‚¹ã‚¯èª•ç”Ÿæ—¥ç¥­é–‹å‚¬ä¸­ï¼Zoomex å–å¼•æ‰‹æ•°æ–™35%å‰²å¼•ç‰¹åˆ¥ã‚³ãƒ¼ãƒ‰â–¶ï¸ ZX901775 #zoomex #ä»®æƒ³é€šè²¨ #ãƒ“ãƒƒãƒˆã‚³ã‚¤ãƒ³,https://www.youtube.com/shorts/ByTSwHuIQtU,416æ¬¡è§‚çœ‹
ğŸš¨ ZOOMEX Fai Trading Senza KYC! - BONUS DI 45 usdt (20 prelevabili) per i primi 100 iscritti! ğŸš¨,https://www.youtube.com/watch?v=h4Lr2dLec_A&pp=ygUGWm9vbWV4,146æ¬¡è§‚çœ‹
BTCãƒ­ãƒ³ã‚°ä¹—ã‚Œã¦ã¾ã™ã‹ï¼ŸğŸª™ #shorts #btc #bitcoin #zoomex #crypto #ä»®æƒ³é€šè²¨ #æš—å·è³‡ç”£ #æš—å·é€šè²¨ #ãƒ“ãƒƒãƒˆã‚³ã‚¤ãƒ³ #æŠ•è³‡ #ãŠé‡‘ #å‰¯æ¥­,https://www.youtube.com/shorts/z4ia4V3KsEw,240æ¬¡è§‚çœ‹
ğŸ’¥ AIRDROP GARANTIZADO! GANA $5 En PEPE FÃCIL Con Zoomex,https://www.youtube.com/watch?v=-RYqiC81CH8&pp=ygUGWm9vbWV4,4098æ¬¡è§‚çœ‹
ZOOMEX: Lâ€™Exchange NO KYC,https://www.youtube.com/watch?v=R_-4fxPoves&pp=ygUGWm9vbWV4,191æ¬¡è§‚çœ‹
how to Earn money from BTC using Zoomex in 2022,https://www.youtube.com/watch?v=g73W_dRivTQ&pp=ygUGWm9vbWV4,58æ¬¡è§‚çœ‹
New Crypto Loot Today : Claim Zoomex Exchange Airdrop | Free Crypto Airdrop Today | Trading Vibes,https://www.youtube.com/watch?v=IywUCbv7FSQ&pp=ygUGWm9vbWV4,320æ¬¡è§‚çœ‹
ğŸŒ Zoomex â€“ Ğ›ÑƒÑ‡ÑˆĞ°Ñ Ñ‚Ñ€ĞµĞ¹Ğ´Ğ¸Ğ½Ğ³Ğ¾Ğ²Ğ°Ñ Ğ¿Ğ»Ğ°Ñ‚Ñ„Ğ¾Ñ€Ğ¼Ğ° Ğ² Ğ¼Ğ¸Ñ€Ğµ! Ğ¡ĞºĞ¾Ñ€ĞµĞµ Ñ€ĞµĞ³Ğ¸ÑÑ‚Ñ€Ğ¸Ñ€ÑƒĞ¹ÑÑ Ğ¸ Ğ·Ğ°Ğ±Ğ¸Ñ€Ğ°Ğ¹ Ğ±Ğ¾Ğ½ÑƒÑÑ‹!,https://www.youtube.com/watch?v=P1eVn5wBK9o&pp=ygUGWm9vbWV4,1ä¸‡æ¬¡è§‚çœ‹
Zoomex Loot !! Per Account $7 ProfitğŸ¤‘No KYC LootğŸ”¥New Crypto LootğŸ¤‘All User Loot ğŸ‘ğŸ»,https://www.youtube.com/watch?v=CclelUnS-Sw&pp=ygUGWm9vbWV4,410æ¬¡è§‚çœ‹
ZOOMEX EXCHANGE LOOT OFFER ğŸ¤‘ || ZOOMEX Singup $20 USDT || Per Refer $20 || New Exchange OffersğŸ”¥ğŸ”¥,https://www.youtube.com/watch?v=M9digA8svUo&pp=ygUGWm9vbWV4,1669æ¬¡è§‚çœ‹
ZOOMEX:ğŸ‘ Â¿Vale la pena probar el programa de referidos? ğŸ’°,https://www.youtube.com/watch?v=sipVs5Idx8A&pp=ygUGWm9vbWV4,229æ¬¡è§‚çœ‹
Zoomex Exchange Offer Signup 15$ & Per Refer 10$ | Hidden Unlimited Trick #zoomex #Binance,https://www.youtube.com/watch?v=x0IHXsJjlU4&pp=ygUGWm9vbWV4,95æ¬¡è§‚çœ‹
20$ instant withdraw offer | zoomex exchanger withdraw | instant withdraw offer | binance new offer,https://www.youtube.com/watch?v=tFteztD9E5M&pp=ygUGWm9vbWV4,368æ¬¡è§‚çœ‹
Zoomex Exchange || à¦ªà§à¦°à¦¾à¦‡ à¦†à¦—à§à¦¨ à¦…à¦«à¦¾à¦° à¦®à¦¾à¦®à¦¾ || Par Reffer 20$ || Par Account 20$ || Payment Proof,https://www.youtube.com/watch?v=9nfwBGInH-s&pp=ygUGWm9vbWV4,153æ¬¡è§‚çœ‹
Zoomex - Invest smarter with ZOOMEX!,https://www.youtube.com/watch?v=aYPJU-u2J9U&pp=ygUGWm9vbWV4,11ä¸‡æ¬¡è§‚çœ‹
7a /Zoomex /run sports SHOES #footzipfootwear #sports #kid,https://www.youtube.com/watch?v=4EZQYAl4WmA&pp=ygUGWm9vbWV4,67æ¬¡è§‚çœ‹
Instant Payment Airdrop | Zoomex Airdrop | snapex withdrawal | Gst Token Airdrop | Play to Earn,https://www.youtube.com/watch?v=spJFq-PjIQY&pp=ygUGWm9vbWV4,134æ¬¡è§‚çœ‹
ğŸ’¥ Ğ¢Ğ¾Ñ€Ğ³ÑƒĞµĞ¼ Ğ½Ğ° ZOOMEX. ĞĞ±Ğ·Ğ¾Ñ€ Ğ¿ĞµÑ€ÑĞ¿ĞµĞºÑ‚Ğ¸Ğ²Ğ½Ğ¾Ğ¹ Ğ±Ğ¸Ñ€Ğ¶Ğ¸,https://www.youtube.com/watch?v=k0IY0flc6Qc&pp=ygUGWm9vbWV4,3.8ä¸‡æ¬¡è§‚çœ‹
20$ à¦ªà§‡à¦®à§‡à¦¨à§à¦Ÿ à¦ªà§à¦°à§à¦« ğŸ¤‘ ZoomEx Wallet Unlimited Trick | Kucoin Airdrop | New Airdrop Instant Withdraw,https://www.youtube.com/watch?v=-2ECBG6GTDs&pp=ygUGWm9vbWV4,3460æ¬¡è§‚çœ‹
Zoomex | Runescape Level 3 Skiller Progress Video #1,https://www.youtube.com/watch?v=oXW0pENa6co&pp=ygUGWm9vbWV4,94æ¬¡è§‚çœ‹
Kraddy Android Porn Remixed DJ ZoOmeX,https://www.youtube.com/watch?v=YYHOb-kYmV8&pp=ygUGWm9vbWV4,203æ¬¡è§‚çœ‹
30$ instant Zoomex withdraw | $30 per account | future bonus airdrop,https://www.youtube.com/watch?v=7SJJkjFF2mI&pp=ygUGWm9vbWV4,359æ¬¡è§‚çœ‹
Zoomex MA1500-PZL Mikroskop KullanÄ±mÄ±,https://www.youtube.com/watch?v=eHCadATaFI8&pp=ygUGWm9vbWV4,931æ¬¡è§‚çœ‹
SEGUNDO LANG PWEDE NA PUMALDO!? | Zoomex Exchange To the Moon Game Tagalog Review + Gameplay,https://www.youtube.com/watch?v=If2wgT-bWso&pp=ygUGWm9vbWV4,1360æ¬¡è§‚çœ‹
Dibyasha & Saroj Wedding Full zoomex - part 2,https://www.youtube.com/watch?v=j5uETx-WsAA&pp=ygUGWm9vbWV4,530æ¬¡è§‚çœ‹
Nike zoomex,https://www.youtube.com/shorts/gAqFWNLjkOs,66æ¬¡è§‚çœ‹
ZOOMEX BORSASI 95$ DOLAR ( 3250 TL ) KAZANMAK ğŸ”¥,https://www.youtube.com/watch?v=l_dS-ffmCHs&pp=ygUGWm9vbWV4,721æ¬¡è§‚çœ‹
ğŸ”¥GANA 35$ GRATIS Con ZOOMEX | SIN KYC Y PARA TODOS LOS PAÃSES #zoomex #airdrop #airdrops #aÃ±onuevo,https://www.youtube.com/watch?v=eQEikzejAF0&pp=ygUGWm9vbWV4,817æ¬¡è§‚çœ‹
20$ à¦ªà¦¾à¦¬à§‡à¦¨ à¦¸à¦¬à¦¾à¦‡ğŸ”¥$20 Payment Proof || Kucoin New Offer ||Zoomex Exchange New Offer | Instant Withdraw,https://www.youtube.com/watch?v=Etb_D3ONkBU&pp=ygUGWm9vbWV4,128æ¬¡è§‚çœ‹
Shiba Inu Coin Giveaway: Join Zoomex Exchange to get FREE Shiba Inu Coin,https://www.youtube.com/watch?v=msY7KTAqS6o&pp=ygUGWm9vbWV4,2157æ¬¡è§‚çœ‹
"Entrada de hoy en Ada, para operar estoy usando #Zoomex link en mi perfil #criptos #trading #trader",https://www.youtube.com/shorts/444SkjjlcuU,1347æ¬¡è§‚çœ‹
USB powered Crystal night lamp with Humidifier #humidifier #Zoomex #srilanka #onlineshopping,https://www.youtube.com/shorts/kwRSbE0eiYY,1203æ¬¡è§‚çœ‹
ğŸREPARTIMOS EL AIRDROP ZOOMEX + SORTEO EXCLUSIVO PASO A PASO,https://www.youtube.com/watch?v=UEW9rov4fgU&pp=ygUGWm9vbWV4,198æ¬¡è§‚çœ‹
ğŸš€CompeticiÃ³n de Trading + Airdrop 5$ Retirables en Zoomex,https://www.youtube.com/shorts/IrU0bOHZzf4,96æ¬¡è§‚çœ‹
ã€çµ¶å«äººæŸ±ã€‘çµ¶å¯¾ã‚„ã‚‹ãªï¼Zoomexã®To the moonãŒæ€ã£ãŸä»¥ä¸Šã«ãƒ¤ãƒã‹ã£ãŸãƒ»ãƒ»ãƒ»,https://www.youtube.com/watch?v=QSotEtbjIDs&pp=ygUGWm9vbWV4,1488æ¬¡è§‚çœ‹
ğŸ¤¯ 30$ Instant Withdraw In Zoomex Exchange ğŸ”¥ Zoomex Exchange Secret Loot ğŸ˜ New Exchange Loot,https://www.youtube.com/watch?v=nH1pDVEfNHw&pp=ygUGWm9vbWV4,713æ¬¡è§‚çœ‹
MANTAP $40 TANPA KYC EVENT DAFTAR ZOOMEX!!!MAKSIMALKAN,https://www.youtube.com/watch?v=ZxcluCld3fw&pp=ygUGWm9vbWV4,62æ¬¡è§‚çœ‹
VPN spread viruses - http://www.privitize.com - freevpn.piratebay.se ZOOMEX,https://www.youtube.com/watch?v=_1THkAEjaE8&pp=ygUGWm9vbWV4,573æ¬¡è§‚çœ‹
ğŸš€CompeticiÃ³n de Trading + Airdrop 5$ ğŸRetirables en Zoomex #trading #zoomex,https://www.youtube.com/watch?v=F41Jo7dJ21w&pp=ygUGWm9vbWV4,167æ¬¡è§‚çœ‹
ğŸš¨æ¯”ç‰¹å¹£é‚„è¦æ¼²ï¼å±±å¯¨å¹£èƒ½å†æ¼²ä¸‰å€ï¼[è¡Œæƒ…12/9][å­—å¹•],https://www.youtube.com/watch?v=-9XxI0KobcU&pp=ygUGWm9vbWV4,6334æ¬¡è§‚çœ‹
Gana $10 USDT GRATIS HOY MISMO #criptomonedas #usdt #zoomex,https://www.youtube.com/shorts/8D7oFta1ryg,1612æ¬¡è§‚çœ‹
Sá»± kiá»‡n má»›i cá»§a ZOOMEX (link hÆ°á»›ng dáº«n chi tiáº¿t á»Ÿ pháº§n description) https://www.zoomex.com/en-US/,https://www.youtube.com/shorts/Vn3bkVtPt2A,58æ¬¡è§‚çœ‹
è³é‡‘ç·é¡100ä¸‡ãƒ‰ãƒ«ï¼ZOOMEXä¸–ç•Œãƒˆãƒ¬ãƒ¼ãƒ‰ã‚³ãƒ³ãƒ†ã‚¹ãƒˆZWTCãƒãƒ¼ãƒ ãƒ¡ãƒ³ãƒãƒ¼9æœˆ5æ—¥ã€œå‹Ÿé›†ã‚¹ã‚¿ãƒ¼ãƒˆï¼ #zoomex #bitcoin #btc #crypto #fxåˆå¿ƒè€… #ãƒ“ãƒƒãƒˆã‚³ã‚¤ãƒ³,https://www.youtube.com/shorts/fn5scPzbmEA,74æ¬¡è§‚çœ‹
#SHORTS 10$ GRATIS EN ESTE EXCHANGE TOP SIN KYC | ZOOMEX,https://www.youtube.com/shorts/zNC-LKWC3eE,192æ¬¡è§‚çœ‹
Nike zoomex,https://www.youtube.com/shorts/1FNY7dGAQ0c,96æ¬¡è§‚çœ‹
#zoom #fyp #fypã‚·ã‚š,https://www.youtube.com/shorts/sE501Ulq6jw,263æ¬¡è§‚çœ‹
ğŸ50 000$ EN PREMIOS CON ZOOMEX + AIRDROP 10$,https://www.youtube.com/shorts/8MXdokvIVB4,204æ¬¡è§‚çœ‹
zoom vs exzoom,https://www.youtube.com/shorts/MRqWmzbDo7U,440æ¬¡è§‚çœ‹
ã€BTCãƒªã‚¢ãƒ«ãƒˆãƒ¬ãƒ¼ãƒ‰ã€‘ã‚·ãƒ§ãƒ¼ãƒˆ75%åˆ©ç¢ºï¼ZOOMEX ZWTCä¸–ç•Œ3ä½ï¼ #shorts #short #btc #bitcoin #crypto #fxåˆå¿ƒè€… #ä»®æƒ³é€šè²¨ #æš—å·è³‡ç”£,https://www.youtube.com/shorts/dRAtVsgBpFQ,166æ¬¡è§‚çœ‹
Zoomex Bonus,https://www.youtube.com/shorts/ulCYnEKFW_g,39æ¬¡è§‚çœ‹
25$ Ğ¾Ñ‚ Ğ‘Ğ¸Ñ€Ğ¶Ğ° ZOOMEX Ğ ĞĞ—Ğ”ĞĞ§ĞğŸ”¥ĞĞ±ÑƒĞ· ZOOMEX Ğ²Ñ‹Ğ¿Ğ»Ğ°Ñ‚Ğ°!,https://www.youtube.com/watch?v=Gb_w4vUYcWM&pp=ygUGWm9vbWV4,1979æ¬¡è§‚çœ‹
DINERO GRATIS ZOOMEX - NUEVA PLATAFORMA,https://www.youtube.com/shorts/9uDzuUxOiWU,63æ¬¡è§‚çœ‹
#ZOOMEX #TÃ¼rkiye PazarÄ±na Girdi! #crypto #shortvideos #shorts,https://www.youtube.com/shorts/_JkE8TJJK_g,411æ¬¡è§‚çœ‹
ZoomEx Interviews Series 1 - Episode 1,https://www.youtube.com/watch?v=9hC_486Pl_8&pp=ygUGWm9vbWV4,142æ¬¡è§‚çœ‹
A DARK SIDE OF YOUTUBE FT. @ZoomEx,https://www.youtube.com/watch?v=-zpp_VPIo8o&pp=ygUGWm9vbWV4,322æ¬¡è§‚çœ‹
Zoomex x Alantrading: Tesla Special Giveaway,https://www.youtube.com/watch?v=e0eMjDm0xmM&pp=ygUGWm9vbWV4,195æ¬¡è§‚çœ‹
ğŸ’µMASAãƒªãƒ³ã‚¯é™å®šZOOMEXè±ªè¯ç‰¹å…¸ã‚’æ´»ç”¨ã™ã‚‹ãŸã‚ã®å…¥é‡‘æ–¹æ³•è§£èª¬ï¼#shorts #btc #bitcoin #crypto #zoomex #ä»®æƒ³é€šè²¨ #æš—å·è³‡ç”£ #æš—å·é€šè²¨ #fxåˆå¿ƒè€…,https://www.youtube.com/shorts/cgpvbYhsMYA,80æ¬¡è§‚çœ‹
Zoomex F36050 teleskopundan ay gÃ¶rÃ¼nÃ¼mÃ¼,https://www.youtube.com/watch?v=RfF7G3I_EY0&pp=ygUGWm9vbWV4,1475æ¬¡è§‚çœ‹
ã€ãƒªã‚¢ãƒ«ãƒˆãƒ¬ãƒ¼ãƒ‰ã‚·ã‚§ã‚¢ã€‘BTCãƒ­ãƒ³ã‚°ã‚¨ãƒ³ãƒˆãƒªãƒ¼ï¼ #shorts #btc #bitcoin #crypto #zoomex #ä»®æƒ³é€šè²¨ #æš—å·è³‡ç”£ #æš—å·é€šè²¨ #ãƒ“ãƒƒãƒˆã‚³ã‚¤ãƒ³ #fxåˆå¿ƒè€…,https://www.youtube.com/shorts/AIGwSV1Tupc,89æ¬¡è§‚çœ‹
Crypto Loot Today | New Crypto Loot | Zoomex Loot | Zoomex Withdrawal Process | Crypto Airdrop Today,https://www.youtube.com/watch?v=iBPjedk2JGM&pp=ygUGWm9vbWV4,161æ¬¡è§‚çœ‹
ğŸ”°FXã¯ãƒ€ã‚¦ç†è«–ã ã‘ã§å‹ã¦ã€ã€ã€ã¾ã›ã‚“ï¼#shorts #zoomex #btc #bitcoin #crypto #ä»®æƒ³é€šè²¨ #æš—å·è³‡ç”£ #æš—å·é€šè²¨ #fxåˆå¿ƒè€… #æŠ•è³‡,https://www.youtube.com/shorts/oeVRntepzd8,267æ¬¡è§‚çœ‹
ZOOM X || 6-10 7715088033 899rs || #reels #shortvideo #shorts #love #viralvideo,https://www.youtube.com/shorts/rAg9HN4xYY4,25æ¬¡è§‚çœ‹
ğŸ’¸ Ğ Ğ¾Ğ·Ğ´Ğ°Ñ‡Ñƒ 20$ Ñ‚Ğ° 20$ Ğ·Ğ° Ğ´Ñ€ÑƒĞ³Ğ° Ğ²Ñ–Ğ´ Ğ±Ñ–Ñ€Ğ¶Ñ– ZOOMEX ğŸ’¸,https://www.youtube.com/shorts/LnlZmMy08FQ,65æ¬¡è§‚çœ‹
led ğŸ’¡ light shoes men's /boy's /kid's #footzipfootwear #viralvideo #Zoomex,https://www.youtube.com/watch?v=6RrzCWQ7Ng0&pp=ygUGWm9vbWV4,38æ¬¡è§‚çœ‹
$10 dÃ³lares GRATIS RETIRABLES Sigue promo Zoomex âœ…,https://www.youtube.com/shorts/uZYabAMMfl0,506æ¬¡è§‚çœ‹
ã€BTCã€‘MASAãƒªãƒ³ã‚¯é™å®šZOOMEXè±ªè¯é™å®šç‰¹å…¸ä½¿ã£ã¦ã¾ã™ã‹ï¼Ÿ#shorts #btc #bitcoin #crypto #zoomex #ä»®æƒ³é€šè²¨ #æš—å·é€šè²¨ #æš—å·è³‡ç”£ #fxåˆå¿ƒè€…,https://www.youtube.com/shorts/juRk3PZz_Lg,449æ¬¡è§‚çœ‹
Cara Dapetin USDT GRATIS dari Crypto Exchange ZOOMEX,https://www.youtube.com/watch?v=5-yTZqvJ8C4&pp=ygUGWm9vbWV4,3554æ¬¡è§‚çœ‹
ZOOMEX REVIEW I DEX CEX PROJECT I 100K USDT PRIZE TOURNEMENT,https://www.youtube.com/watch?v=oVkORO6BXPM&pp=ygUGWm9vbWV4,1.3ä¸‡æ¬¡è§‚çœ‹
Ğ Ğ°Ğ·Ğ´Ğ°Ñ‡Ğ° Ğ¾Ñ‚ Ğ±Ğ¸Ñ€Ğ¶Ğ¸ ZOOMEX Ğ¢Ğ“-https://t.me/Crypto777NFT ÑÑÑ‹Ğ»ĞºĞ° Ğ² ĞºĞ¾Ğ¼Ğ¼ĞµĞ½Ñ‚Ğ°Ñ€Ğ¸ÑÑ…,https://www.youtube.com/shorts/aRL2P_GK8CA,11æ¬¡è§‚çœ‹
ğŸ¤¯ 7$ Instant Withdraw In Zoomex ğŸ”¥ Zoomex Exchange Loot ğŸ˜ Zoomex Future Bonus,https://www.youtube.com/watch?v=oX9OHxo8UrA&pp=ygUGWm9vbWV4,457æ¬¡è§‚çœ‹
#ğŸ‘Zoomex stor à¶¸à·šà¶šà¶šà·Š à¶•à¶± à¶…à¶º à·€à·“à¶©à·’à¶ºà· à¶‘à¶šà¶§ à¶šà¶¸à·™à¶±à·Šà¶§à·Š à¶‘à¶šà¶šà·Š à¶¯à·à¶±à·Šà¶±#ğŸ‘ğŸ’¯ğŸ’¯â¤ï¸â€ğŸ”¥,https://www.youtube.com/shorts/8lS7p2sPOjc,632æ¬¡è§‚çœ‹
ğŸ¤¯ 10$ Instant Withdraw In Zoomex ğŸ”¥ Zoomex Exchange Loot ğŸ˜ Future Bonus Loot,https://www.youtube.com/watch?v=eWIZcgfXWWY&pp=ygUGWm9vbWV4,683æ¬¡è§‚çœ‹
Review sÃ n giao dá»‹ch Zoomex vÃ  sá»± kiá»‡n hot Ä‘ang diá»…n ra cho ngÆ°á»i dÃ¹ng má»›i thÆ°á»Ÿng lÃªn Ä‘áº¿n 53USDT,https://www.youtube.com/watch?v=7MeSaRhDH64&pp=ygUGWm9vbWV4,6866æ¬¡è§‚çœ‹
ğŸ¤‘$10 Instant Zoomex Exchange New Offer ğŸ”¥|| Zoomex WithdrawalğŸ”¥|| New Crypto Loot || New AirdropğŸ”¥,https://www.youtube.com/shorts/LVtejg9QPFQ,121æ¬¡è§‚çœ‹
Zoomex ì…ì¶œê¸ˆ ë°©ë²•,https://www.youtube.com/watch?v=RZnUxS6nmfY&pp=ygUGWm9vbWV4,127æ¬¡è§‚çœ‹
5$ Instant Withdraw In Zoomex ğŸ”¥ Zoomex Exchange Loot ğŸ’² Future Bonus Loot,https://www.youtube.com/watch?v=Ynq5Alwm1CQ&pp=ygUGWm9vbWV4,506æ¬¡è§‚çœ‹
Bitcoin Trade Alert! 1H Breakout Imminent - Zoomex Trading Competition,https://www.youtube.com/watch?v=i93u_ov_dKY&pp=ygUGWm9vbWV4,205æ¬¡è§‚çœ‹
Knock knockâ€¼ï¸#à¸¡à¸µà¹€à¸§à¸¥à¸²à¹€à¸—à¸µà¹ˆà¸¢à¸§à¸à¹‡à¹€à¸—à¸µà¹ˆà¸¢à¸§ #RideandGotravel #Honda #Zoomex #ADV350,https://www.youtube.com/shorts/wTL8rL_f_fs,1292æ¬¡è§‚çœ‹
Fantasticated Fact! #sabrina #Assange #ticketmaster #type_1 #unhingedpit #vmin #nickitrivia #zoomex,https://www.youtube.com/shorts/7BqfWU7fCWo,5æ¬¡è§‚çœ‹
ì£¼ë§¥ìŠ¤(zoomex) í…Œë” í•´ë°©ì¼ì§€ ì±Œë¦°ì§€! ìµœëŒ€ 1000 USDT ìƒê¸ˆ.,https://www.youtube.com/watch?v=rQHLd3NLPUM&pp=ygUGWm9vbWV4,151æ¬¡è§‚çœ‹
Zoomex â€“ ÑĞ¿Ğ¾ÑĞ¾Ğ± Ğ½Ğ°Ñ‡Ğ°Ñ‚ÑŒ Ñ‚Ğ¾Ñ€Ğ³Ğ¾Ğ²Ğ°Ñ‚ÑŒ Ğ½ĞµĞ·Ğ°Ğ²Ğ¸ÑĞ¸Ğ¼Ğ¾ Ğ¾Ñ‚ Ğ²Ğ°ÑˆĞµĞ³Ğ¾ Ğ¾Ğ¿Ñ‹Ñ‚Ğ° Ğ² ĞºÑ€Ğ¸Ğ¿Ñ‚Ğ¾-Ğ¸Ğ½Ğ´ÑƒÑÑ‚Ñ€Ğ¸Ğ¸,https://www.youtube.com/watch?v=Ic0pVG0Q3J8&pp=ygUGWm9vbWV4,9064æ¬¡è§‚çœ‹
LIVE BITCOIN VOLATILITY!!!! (GET READY FOR THE BIG BOUNCE!!!!!),https://www.youtube.com/watch?v=xB5EnOJ2VAQ&pp=ygUGWm9vbWV4,1.6ä¸‡æ¬¡è§‚çœ‹
#shorts #shortvideo #shortsviral #running #runningshoes #nike #nikerunning #airzoom #zoomex,https://www.youtube.com/shorts/JH-VAAaPtPY,551æ¬¡è§‚çœ‹
ZOOMEX MÄ°KROSKOP SALATALIK Ä°NCELEME,https://www.youtube.com/watch?v=lVgFHy7_cgI&pp=ygUGWm9vbWV4,341æ¬¡è§‚çœ‹
Zoomex - Rejoignez la compÃ©tition de trading et avoir une chance de gagner jusqu'Ã  6 500 000 USDT ğŸ”¥,https://www.youtube.com/watch?v=yY2WAcMz5cE&pp=ygUGWm9vbWV4,8.9ä¸‡æ¬¡è§‚çœ‹
â—ï¸URGENTEâ—ï¸ğŸ’¥Gana $10 USDT a Binance con ZoomexğŸ”¥,https://www.youtube.com/watch?v=-4Cb0E95TJ4&pp=ygUGWm9vbWV4,6333æ¬¡è§‚çœ‹
Bitcoin Preparing For The Next BIG MOVE!! Trade It Now On Zoomex Trading Event!!,https://www.youtube.com/watch?v=JDcRV5uHEuA&pp=ygUGWm9vbWV4,214æ¬¡è§‚çœ‹
ğŸ…ğŸ»PREMIOS EXCLUSIVOS ZOOMEX + AIRDROP 30$ GRATIS ğŸ #zoomex #copytrading #airdrop,https://www.youtube.com/watch?v=qSQf7DCSACk&pp=ygUGWm9vbWV4,342æ¬¡è§‚çœ‹
ğŸ†ZOOMEX â€“ ĞšĞ°Ğº ĞĞ°Ñ‡Ğ°Ñ‚ÑŒ Ğ¢Ğ¾Ñ€Ğ³Ğ¾Ğ²Ğ°Ñ‚ÑŒ ĞĞ° Ğ­Ñ‚Ğ¾Ğ¹ Ğ‘Ğ¸Ñ€Ğ¶Ğµ? ĞŸĞ¾Ñ‡ĞµĞ¼Ñƒ Ğ¯ Ğ’Ñ‹Ğ±Ğ¸Ñ€Ğ°Ñ ĞµÑ‘!,https://www.youtube.com/watch?v=43aFa9Osk7M&pp=ygUGWm9vbWV4,2ä¸‡æ¬¡è§‚çœ‹
Zoomex Intro #1 2014,https://www.youtube.com/watch?v=dNGVk6dHt4M&pp=ygUGWm9vbWV4,28æ¬¡è§‚çœ‹
ğŸ’¥ Zoomex Exchange Loot 50$ UNLIMITED FUTURE BONUS WITHOUT KYC ğŸ¤¯ NEW UNIQUE CRYPTO LOOT AIRDROP 2022,https://www.youtube.com/watch?v=DVHnuGUdXU4&pp=ygUGWm9vbWV4,1775æ¬¡è§‚çœ‹
50USDT Giveaway Through Zoomex Exchange Started!! Ethereum About To Explode!! ETH BREAKOUT SOON!!,https://www.youtube.com/watch?v=VkBiHRm4sDE&pp=ygUGWm9vbWV4,126æ¬¡è§‚çœ‹
ã„ã‚ˆã„ã‚ˆæœ¬æ—¥9æœˆ5æ—¥19æ™‚ã€œZOOMEX ZWTCãƒãƒ¼ãƒ ãƒ¡ãƒ³ãƒãƒ¼å‹Ÿé›†ã‚¹ã‚¿ãƒ¼ãƒˆï¼MASALONã§å…¥è³ã‚’ç›®æŒ‡ã›ğŸ”¥âš”ï¸ #zoomex #btc #bitcoin #crypto #æŠ•è³‡ #ãƒ“ãƒƒãƒˆã‚³ã‚¤ãƒ³,https://www.youtube.com/shorts/ED6O2lP47fE,125æ¬¡è§‚çœ‹
ğŸ’² GANA 20 USD + 20 USD POR REFERIDO - ZOOMEX ğŸ¤‘,https://www.youtube.com/watch?v=qfr2dH5nH4o&pp=ygUGWm9vbWV4,2969æ¬¡è§‚çœ‹
"Zoomex, 4% Einnahmen tÃ¤glich? Analyse AI Programm",https://www.youtube.com/watch?v=EK6ja4rOaxE&pp=ygUGWm9vbWV4,30æ¬¡è§‚çœ‹
Zoomex Mikroskop Kurulumu ve Ä°ncelemesi,https://www.youtube.com/watch?v=Ehg1JceBsEE&pp=ygUGWm9vbWV4,2121æ¬¡è§‚çœ‹
https://www.zoomex.com/en-US/,https://www.youtube.com/shorts/-Cdq6-W7FjM,4æ¬¡è§‚çœ‹
"2í¸ ì£¼ë©•ìŠ¤(ZOOMEX) ì§€ì •ê°€, ì‹œì¥ê°€, ì¡°ê±´ë¶€ì£¼ë¬¸ í•˜ëŠ” ë°©ë²•(Limit, Market, Conditional ì£¼ë¬¸)",https://www.youtube.com/watch?v=5roTzqK19Xc&pp=ygUGWm9vbWV4,2601æ¬¡è§‚çœ‹
BTC ì„ ë¬¼ ê±°ë˜ì†Œ ì£¼ë§¥ìŠ¤(zoomex) ğŸ’²20 ë¬´ë£Œ ì§€ê¸‰ ì´ë²¤íŠ¸.,https://www.youtube.com/watch?v=bJXZ_6D-TIg&pp=ygUGWm9vbWV4,1662æ¬¡è§‚çœ‹
Zoomex Referral Code: ZX37120 à¤ªà¤¾à¤¯à¥‡à¤‚ 15% Discount On Trading Fees à¤ªà¤° ğŸ’° | Zoomex à¤®à¥‡à¤‚ Code à¤•à¥ˆà¤¸à¥‡ à¤¡à¤¾à¤²à¥‡à¤‚?,https://www.youtube.com/watch?v=WbQtNnQ17qY&pp=ygUGWm9vbWV4,7æ¬¡è§‚çœ‹
Zoom,https://www.youtube.com/shorts/FQXCyggeCEU,53æ¬¡è§‚çœ‹
Zoom (Instrumental),https://www.youtube.com/watch?v=ELSUSdN4ux0&pp=ygUGWm9vbWV4,19æ¬¡è§‚çœ‹
Zoom Zoom Zoom (Kovax & Ksu Ray Remix),https://www.youtube.com/watch?v=cr-IANJbhB8&pp=ygUGWm9vbWV4,104æ¬¡è§‚çœ‹
LOL #foryou #fypã‚·ã‚š #funny #zoom #phonezoom,https://www.youtube.com/shorts/BmfS1ujdG7g,436æ¬¡è§‚çœ‹
Bitcoin New Bullish Pattern Forming!! Watch The Targets!! Zoomex Trading Competition Register Now!!,https://www.youtube.com/watch?v=OKeGS_mz2-0&pp=ygUGWm9vbWV4,196æ¬¡è§‚çœ‹
"Zoomex 30070m telescope , lenses and result!",https://www.youtube.com/shorts/Y8zxCyBRhEs,224æ¬¡è§‚çœ‹
TUTORIAL PAANO MAG DEPOSIT SA ZOOMEX GAMIT ANG BINANCE !!,https://www.youtube.com/watch?v=t8ulsUltzNM&pp=ygUGWm9vbWV4,215æ¬¡è§‚çœ‹
new crypto loot !10$ + 10$ + 50$ ! zoomex exchange+Flipster exchange loot !new GRVT exchange airdrop,https://www.youtube.com/watch?v=jLpiy89FDjM&pp=ygUGWm9vbWV4,157æ¬¡è§‚çœ‹
Zoomex Airdrop - TÃ i khoáº£n má»›i nháº­n 50$ & Sá»± kiá»‡n Like To Earn,https://www.youtube.com/watch?v=qKtmn3Srm24&pp=ygUGWm9vbWV4,1355æ¬¡è§‚çœ‹
Bitget Ã–dÃ¼lleri YatÄ±rmaya BaÅŸladÄ± Zoomex Devam Ediyor(30$) ÅartlarÄ± Ã‡ok Kolay,https://www.youtube.com/shorts/q7BcecQ41uI,230æ¬¡è§‚çœ‹
"Sá»± kiá»‡n Zoomex - Chia thÆ°á»Ÿng 40,000$",https://www.youtube.com/shorts/aT_vdP2RYBQ,408æ¬¡è§‚çœ‹
ğŸ”´ä»¥å¤ªåŠè½‰å¼·ï¼æ¯”ç‰¹å¹£æ’é‡æ¸…æ æ¡¿ï¼[12/6],https://www.youtube.com/watch?v=9eJOegywzzE&pp=ygUGWm9vbWV4,7662æ¬¡è§‚çœ‹
ĞšĞ°Ğº Ğ¿Ğ¾Ğ»ÑƒÑ‡Ğ¸Ñ‚ÑŒ 40$ Ğ¾Ñ‚ Ğ±Ğ¸Ñ€Ğ¶Ğ¸ Zoomex ?,https://www.youtube.com/watch?v=dKpTWa3Dafg&pp=ygUGWm9vbWV4,133æ¬¡è§‚çœ‹
10$ GRATIS Sin KYC Para Todo EL MUNDO Con El AIRDROP ZOOMEX | NO LO DEJES PASAR!,https://www.youtube.com/watch?v=0_5SxsUF4Z4&pp=ygUGWm9vbWV4,360æ¬¡è§‚çœ‹
"8í¸ ì£¼ë©•ìŠ¤ (ZOOMEX) ì–´í”Œ ì‚¬ìš©ë²• (ì…ã†ì¶œê¸ˆ, ì£¼ë¬¸í•˜ëŠ” ë°©ë²•)",https://www.youtube.com/watch?v=rRORYSeGdLs&pp=ygUGWm9vbWV4,5342æ¬¡è§‚çœ‹
"Zoomex ZWTC - Nháº­n lÃªn Ä‘áº¿n 60$ Bonus vÃ  50$ ""Tiá»n tÆ°Æ¡i""",https://www.youtube.com/watch?v=IRRbNXCNopQ&pp=ygUGWm9vbWV4,737æ¬¡è§‚çœ‹
âœ…TE REGALO 10 USD âœ…https://partner.zoomex.com/aff/ZX900957 âœ…https://forms.gle/79qYaQvywd2vZHuY7,https://www.youtube.com/shorts/9K1bcH_Mowg,1465æ¬¡è§‚çœ‹
GANAR $10 DOLARES GRATIS CON LA LUCKY DRAW (SPIN) DE ZOOMEX sin INVERTIR,https://www.youtube.com/watch?v=W5qQ04NIkNA&pp=ygUGWm9vbWV4,97æ¬¡è§‚çœ‹
Zoomex ZWTC Trading Competition 2 Millions Price Pool Announcement!! Stay Tuned!!,https://www.youtube.com/watch?v=ju5hUj9F1Bk&pp=ygUGWm9vbWV4,63æ¬¡è§‚çœ‹
3í¸ ì£¼ë©•ìŠ¤(ZOOMEX) í¬ìŠ¤íŠ¸ì˜¨ë¦¬ (Post - Only) ê¸°ëŠ¥ ì‚¬ìš©ë°©ë²•,https://www.youtube.com/watch?v=pV6ZWoyfj0w&pp=ygUGWm9vbWV4,510æ¬¡è§‚çœ‹
115ë‹¬ëŸ¬ ì¦ì •ê¸ˆ ì´ë²¤íŠ¸: ì£¼ë©•ìŠ¤(Zoomex) ê±°ë˜ì†Œ,https://www.youtube.com/watch?v=b-en_9RmACY&pp=ygUGWm9vbWV4,105æ¬¡è§‚çœ‹
How To Make Profits In a Bear Market! | Zoomex The Access To Smart Investment!,https://www.youtube.com/watch?v=qyIuoKMlaJQ&pp=ygUGWm9vbWV4,9.8ä¸‡æ¬¡è§‚çœ‹
Zoomex Regala 10 USDT RETIRABLES ğŸ¤©,https://www.youtube.com/shorts/Xtd9SZI1JBU,2961æ¬¡è§‚çœ‹
"Ğ—Ğ½Ğ°ĞºĞ¾Ğ¼ÑŒÑ‚ĞµÑÑŒ - ""Zoomex""!",https://www.youtube.com/watch?v=xP6xaKBlbo4&pp=ygUGWm9vbWV4,1132æ¬¡è§‚çœ‹
"20$ Per account, 20$ Per Refer ğŸ¤‘ || Zoomex Exchange full kyc & Withdraw Proof || VPN trickğŸ˜",https://www.youtube.com/watch?v=5UzLKWOqIgg&pp=ygUGWm9vbWV4,61æ¬¡è§‚çœ‹
ZOOMEX 2M$ Ã–DÃœLLÃœ TRADING YARIÅMASI | KULLANIM VE BONUSLAR,https://www.youtube.com/watch?v=wJeZKqZLhyE&pp=ygUGWm9vbWV4,330æ¬¡è§‚çœ‹
Ğ‘Ğ•Ğ¡ĞŸĞ›ĞĞ¢ĞĞ«Ğ• 20 $ ĞĞ¢ Ğ‘Ğ˜Ğ Ğ–Ğ« ZOOMEX!,https://www.youtube.com/watch?v=Q3qvec_OG1s&pp=ygUGWm9vbWV4,6æ¬¡è§‚çœ‹
Zoomex ilÉ™ 50$ qazan. Son 2 gÃ¼n! #zoomex,https://www.youtube.com/watch?v=qiHx3X_c0lE&pp=ygUGWm9vbWV4,1134æ¬¡è§‚çœ‹
ZOOMEX âœ… ĞŸĞĞ›Ğ£Ğ§Ğ˜Ğ¢Ğ¬ Ğ‘Ğ˜Ğ¢ĞšĞĞ˜Ğ ğŸ”¥ Ğ—Ğ 10$ ğŸ”¥ Ğ˜ ĞšĞĞš Ğ’Ğ«Ğ˜Ğ“Ğ ĞĞ¢Ğ¬ Ğ¢Ğ•Ğ¡Ğ›Ğ£ Ğ’ 2023,https://www.youtube.com/watch?v=vPwNWtMuw3c&pp=ygUGWm9vbWV4,1.2ä¸‡æ¬¡è§‚çœ‹
ğŸ30$ GRATIS CON ZOOMEX AIRDROP SIN KYC Y VÃLIDO PARA LATAM #zoomex #airdrop #airdrops,https://www.youtube.com/watch?v=VqYo5V2iwj0&pp=ygUGWm9vbWV4,1100æ¬¡è§‚çœ‹
ĞŸĞµÑ€ÑĞ¿ĞµĞºÑ‚Ğ¸Ğ²Ğ½Ğ°Ñ Ğ±Ğ¸Ñ€Ğ¶Ğ° ZOOMEX!!!,https://www.youtube.com/watch?v=0yu510z-pFM&pp=ygUGWm9vbWV4,3.8ä¸‡æ¬¡è§‚çœ‹
"20$ Per account, 20$ Per Refer ğŸ¤‘ || Zoomex Exchange full kyc & Withdraw Proof || VPN trickğŸ˜",https://www.youtube.com/watch?v=U3z34uvu6d8&pp=ygUGWm9vbWV4,2886æ¬¡è§‚çœ‹
ETHä¸Šæ¼²å—é˜»? ADAå“ªé‚Šå¯ä»¥é€²å ´ ETH ADA FETæŠ€è¡“åˆ†æ | 2024/12/09,https://www.youtube.com/watch?v=UWEzhQQ2lYI&pp=ygUGWm9vbWV4,2352æ¬¡è§‚çœ‹
Zoomex BorsasÄ±ndan 20$ nasÄ±l kazanÄ±lÄ±r? (DetaylÄ± anlatÄ±m ! ! !),https://www.youtube.com/watch?v=pFSXNzVvYLQ&pp=ygUGWm9vbWV4,4357æ¬¡è§‚çœ‹
Dikkat!!! Zoomex BorsasÄ± 20+20 usdt Ã–dÃ¼lleri Gelmeyenler AÃ§Ä±klamalardaki Formu Mutlaka Doldurun.,https://www.youtube.com/shorts/OlaI07aLUTo,203æ¬¡è§‚çœ‹
5 Sá»± kiá»‡n kÃ©p - Kiáº¿m USDT + Bonus cá»±c Ä‘Ã£ | Zoomex,https://www.youtube.com/watch?v=Coo5MGEKS90&pp=ygUGWm9vbWV4,780æ¬¡è§‚çœ‹
ğŸ”´æ¯”ç‰¹å¹£åè¬ï¼æ©Ÿæœƒåœ¨ä»¥å¤ªåŠï¼[12/5],https://www.youtube.com/watch?v=T0htbczSHro&pp=ygUGWm9vbWV4,6538æ¬¡è§‚çœ‹
15$ Instant Withdraw In Zoomex Exchange ğŸ”¥ Zoomex Instant Profit Loot ğŸ˜ New Exchange Loot,https://www.youtube.com/watch?v=mmwfYJRej1M&pp=ygUGWm9vbWV4,302æ¬¡è§‚çœ‹
Ğ Ğ°Ğ·Ğ´Ğ°Ñ‡Ğ° Ğ¾Ñ‚ Ğ±Ğ¸Ñ€Ğ¶Ğ¸ ZOOMEX | 700 Ğ³Ñ€Ğ½ + 700 Ğ³Ñ€Ğ½ Ğ·Ğ° Ğ´Ñ€ÑƒĞ³Ğ° | ĞŸĞ ĞĞ¡Ğ¢Ğ«Ğ• Ğ£Ğ¡Ğ›ĞĞ’Ğ˜Ğ¯,https://www.youtube.com/watch?v=SXo6neT_BZY&pp=ygUGWm9vbWV4,422æ¬¡è§‚çœ‹
ìˆ˜ìˆ˜ë£Œ ì‹¼ ê±°ë˜ì†Œ ZOOMEX - ë³´ë„ˆìŠ¤ ë‹¨íƒ€ ë°©ë²•,https://www.youtube.com/watch?v=tshv98QvZhc&pp=ygUGWm9vbWV4,1619æ¬¡è§‚çœ‹
probando la camara zoomex,https://www.youtube.com/shorts/1COO-F-Zzuc,2359æ¬¡è§‚çœ‹
Mini Teleskop Zoomex 32X 40F400 Kutu AÃ§Ä±lÄ±mÄ± [Mini-Telescope Unpacked],https://www.youtube.com/watch?v=pIWX3FKuiNc&pp=ygUGWm9vbWV4,1ä¸‡æ¬¡è§‚çœ‹
ZOOMEX x Halucoin ì„ ì°©ìˆœ 12000ì› ì—ì–´ë“œëlí”„ë¡œëª¨ì…˜lê°€ì…ì´ë²¤íŠ¸,https://www.youtube.com/watch?v=1KuNW8-6XSM&pp=ygUGWm9vbWV4,562æ¬¡è§‚çœ‹
Ğ—ĞĞ‘Ğ•Ğ Ğ˜ 568$ ĞĞ¢ ZOOMEX ĞšĞĞš ĞœĞĞ–ĞĞ Ğ‘Ğ«Ğ¡Ğ¢Ğ Ğ•Ğ• / Ğ—ĞĞ ĞĞ‘ĞĞ¢ĞĞš ĞĞ ĞšĞ Ğ˜ĞŸĞ¢ĞĞ’ĞĞ›Ğ®Ğ¢Ğ•,https://www.youtube.com/watch?v=POaIpSkFkNg&pp=ygUGWm9vbWV4,165æ¬¡è§‚çœ‹
GANA DE 10$ a 50.000$ ASEGURADOS con ZOOMEX | Concurso de Trading y Nuevos Usuarios Â¿Que es Zoomex?,https://www.youtube.com/watch?v=sgpOOUxg-qg&pp=ygUGWm9vbWV4,344æ¬¡è§‚çœ‹
ZOOMEX BORSASI YENÄ°/ESKÄ° KULLANICILAR 68$ KAZAN/KYC YOK!,https://www.youtube.com/watch?v=-N9_OdJxhAA&pp=ygUGWm9vbWV4,669æ¬¡è§‚çœ‹
è¶…ç©´å ´ï¼ã¿ã‚“ãªã§åˆ©ç›Š?!åˆå¿ƒè€…å‘ã‘ãƒˆãƒ¬ãƒ¼ãƒ‰ã‚³ãƒ³ãƒ†ã‚¹ãƒˆğŸ”¥#ZOOMEX !!å‚åŠ ã—ãªãã¡ã‚ƒå‹¿ä½“ãªã„ï¼ã‚¿ã‚¹ã‚¯ã‚’ã‚¯ãƒªã‚¢ã—ã¦ã—ã£ã‹ã‚Šå ±é…¬ã‚’GET!! #ä»®æƒ³é€šè²¨ #æš—å·è³‡ç”£,https://www.youtube.com/watch?v=Ijh14CSWBZs&pp=ygUGWm9vbWV4,77æ¬¡è§‚çœ‹
Zoomex Exchanger 20$ Reward || All User Payment || à¦¸à¦¬à¦¾à¦‡ à§¨à§¦à§¦à§¦ à¦¹à¦¾à¦œà¦¾à¦° à¦Ÿà¦¾à¦•à¦¾ à¦•à¦°à§‡ à¦ªà¦¾à¦¬à§‡à¦¨ ğŸ˜±ğŸ˜±,https://www.youtube.com/watch?v=QTBXg2acFDs&pp=ygUGWm9vbWV4,82æ¬¡è§‚çœ‹
ZOOMEX GANA 20 USD + 20 USD por REFERIDO GRATIS! / NUEVA PROMO!,https://www.youtube.com/watch?v=IJ4VR2G_WAQ&pp=ygUGWm9vbWV4,117æ¬¡è§‚çœ‹
Zoomex Exchange ğŸ”°Per Account 35$ lootloot | Unlimited trick,https://www.youtube.com/watch?v=BRbLg45yfn0&pp=ygUGWm9vbWV4,56æ¬¡è§‚çœ‹
ĞšĞĞš ĞŸĞĞ›Ğ£Ğ§Ğ˜Ğ¢Ğ¬ 20$ ĞĞ¢ ZOOMEX +20$ Ğ—Ğ Ğ”Ğ Ğ£Ğ“Ğ #zoomex #Ğ±Ğ¾Ğ½ÑƒÑ20$,https://www.youtube.com/watch?v=rYss2s3pGI0&pp=ygUGWm9vbWV4,280æ¬¡è§‚çœ‹
â˜•techğŸ¥ Native Zoom Join Ad-hoc WebEx Meeting,https://www.youtube.com/shorts/sveJNje0MsM,3229æ¬¡è§‚çœ‹
HÆ°á»›ng dáº«n rÃºt tiá»n sá»± kiá»‡n dá»± Ä‘oÃ¡n - Zoomex (135$ QuÃ¡ ngon),https://www.youtube.com/watch?v=Yym3Uc_pkDY&pp=ygUGWm9vbWV4,839æ¬¡è§‚çœ‹
Instant 40$ Live WithdrawalğŸ¥° Zoomex Exchange AirdropğŸ¤‘Instant Payment AirdropğŸ¤‘New Airdrop Today,https://www.youtube.com/watch?v=HchY5v7vPlo&pp=ygUGWm9vbWV4,1160æ¬¡è§‚çœ‹
âœ…ğŸ¤‘ ZOOMEX | ğŸš¨ URGENTE como GANAR 10 dÃ³lares FÃCIL Y RÃPIDO (PROMOCIÃ“N CERRADA),https://www.youtube.com/watch?v=ZfPq-28rdHk&pp=ygUGWm9vbWV4,1157æ¬¡è§‚çœ‹
Alex Thomas On Damon Wayans in Living Color #shorts #comedy #zoom #zoomtothailand,https://www.youtube.com/shorts/mqp2Of7yFeY,1.6ä¸‡æ¬¡è§‚çœ‹
ğŸ”´éŸ“åœ‹æ¯”ç‰¹å¹£äº¤æ˜“é‡å¤§æ–¼ç¾åœ‹ï¼XRP SOL BNB ADAï¼[12/4],https://www.youtube.com/watch?v=87jM7pvV81U&pp=ygUGWm9vbWV4,6259æ¬¡è§‚çœ‹
ğŸ¤¯ 10$ Instant Withdraw In Zoomex ğŸ”¥ Biggest Secret Loot ğŸ˜ Euro Predict Loot,https://www.youtube.com/watch?v=4UcCF4HIWvc&pp=ygUGWm9vbWV4,318æ¬¡è§‚çœ‹
ZOOMEX ì‹ ê·œê±°ë˜ì†Œ ìµœëŒ€ 300USDT ì§€ê¸‰!! 2ì›” 28ì¼ê¹Œì§€ë‹ˆ ê°€ì…ë“¤ ë§ì´ í•˜ì„¸ìš”~,https://www.youtube.com/watch?v=hD_0ko8LNXg&pp=ygUGWm9vbWV4,67æ¬¡è§‚çœ‹
Zoomex NO paga,https://www.youtube.com/watch?v=iyiDQ1g7KW0&pp=ygUGWm9vbWV4,373æ¬¡è§‚çœ‹
ğŸ”¥ Â¡Â¡ CONSIGUE HASTA 10$ GRATIS CON EL PREDICT AND WIN DE ZOOMEX !! ğŸ”¥,https://www.youtube.com/watch?v=ISmcb8CSm-Y&pp=ygUGWm9vbWV4,2828æ¬¡è§‚çœ‹
ğŸŸ¢ĞšÑ€Ğ¸Ğ¿Ñ‚Ğ¾Ğ²Ğ°Ğ»ÑÑ‚Ğ° ĞºĞ°Ğº Ğ·Ğ°Ñ€Ğ°Ğ±Ğ¾Ñ‚Ğ°Ñ‚ÑŒ? ğŸ”¥ Zoomex Ñ€Ğ°Ğ·Ğ´Ğ°Ñ‡Ğ° USDT!,https://www.youtube.com/watch?v=xK_91PPS2WA&pp=ygUGWm9vbWV4,2477æ¬¡è§‚çœ‹
"ğŸš¨ Hasta $200 Gratis (SIN DEPOSITAR) en Zoomex, nuevo evento de predicciones ğŸš¨",https://www.youtube.com/watch?v=GzGfXW_Yj9g&pp=ygUGWm9vbWV4,455æ¬¡è§‚çœ‹
ã“ã‚Œãã‚‰ã„ã®ä¸‹è½ã§ã¾ã ã€Œæš´è½ã€ã£ã¦è¨€ã£ã¦ã‚‹ã®ï¼ï¼Ÿã€ ä»®æƒ³é€šè²¨ãƒãƒ£ãƒ¼ãƒˆåˆ†æã€‘ #ãƒ“ãƒƒãƒˆã‚³ã‚¤ãƒ³ #ä»®æƒ³é€šè²¨ #æš—å·è³‡ç”£ #ãƒ†ã‚¯ãƒ‹ã‚«ãƒ«åˆ†æ,https://www.youtube.com/watch?v=-JdkPeutfe8&pp=ygUGWm9vbWV4,1348æ¬¡è§‚çœ‹
ZOOMEX KriptoPara BorsasÄ± - TÃ¼rkiyeye Ã–zel Bonuslar!!! KayÄ±t ol Bonus Al,https://www.youtube.com/watch?v=5aQgNdgViMU&pp=ygUGWm9vbWV4,1.5ä¸‡æ¬¡è§‚çœ‹
INSTANT PAYMENT AIRDROP ! Zoomex App New Offer || Halo Wallet Airdrop ! NEW Airdrop Today ğŸ”¥,https://www.youtube.com/watch?v=TakNMxWwzMk&pp=ygUGWm9vbWV4,3096æ¬¡è§‚çœ‹
Microsoft Teams v Zoom,https://www.youtube.com/shorts/V4C86ZHh4B8,525æ¬¡è§‚çœ‹
ğŸš¨ $1000 Conseguidos de ZooMex - Sistema de referido y funcionamiento como partner oficialğŸš¨,https://www.youtube.com/watch?v=YWPWHdlrSd4&pp=ygUGWm9vbWV4,373æ¬¡è§‚çœ‹
#æ¯”ç‰¹å¸è¡Œæƒ…åˆ†æ â—ä¸Šæ–¹å£“åˆ¶ï¼Ÿå›èª¿åªæ˜¯éç¨‹ã€ä¸Šæ¼²æ‰æ˜¯éšæ®µæ€§çµæœï¼â—æ¯”ç‰¹å¸ã€å–‡å­å½¢æ…‹ã€å¯¬å¹…éœ‡è•©ï¼â—ä»¥å¤ªåŠã€å›èª¿ä¿¡è™Ÿã€æš«åˆ¥ç³¾çµï¼â—DOGEã€ORDIã€SOLã€LPTã€TIAâ— #æ¯”ç‰¹å¸ #btc #æ¯”ç‰¹å¹£,https://www.youtube.com/watch?v=3uRVnb1w3wc&pp=ygUGWm9vbWV4,700æ¬¡è§‚çœ‹
ZWTC 2023 ã‚¬ã‚¤ãƒ‰ï½œä¸–ç•Œåˆ å¯¾AI ä»®æƒ³é€šè²¨ãƒˆãƒ¬ãƒ¼ãƒ‰ãƒãƒˆãƒ«ã€Zoomexå…¬å¼ã€‘,https://www.youtube.com/watch?v=SnU4ME-wpd8&pp=ygUGWm9vbWV4,56æ¬¡è§‚çœ‹
æ¯”ç‰¹å¹£çªç ´10è¬ï¼Œä»¥å¤ªå¹£çªç ´æ©«è¡Œå€é–“ï¼Œæœ‰ä»€éº¼å¹£å€¼å¾—å…¥ï¼Ÿ #WLD #MAGIC #ENA #SUSHI #1INCH,https://www.youtube.com/watch?v=UefCmZsOqT4&pp=ygUGWm9vbWV4,58æ¬¡è§‚çœ‹
ğŸAIRDROP ZOOMEX EXCHANGE 20$ GRATIS POR REALIZAR TAREAS SIMPLES | NO TE LO PIERDAS #zoomex #airdrop,https://www.youtube.com/watch?v=RISn1Dxnm4E&pp=ygUGWm9vbWV4,704æ¬¡è§‚çœ‹
#025 ZOOM G3Xn/G3n - How To Adjust The Master Level,https://www.youtube.com/shorts/fHPqJxSJwe4,4637æ¬¡è§‚çœ‹
Did Meme Coins Just Trigger The Next MAJOR Altcoin Rally?!,https://www.youtube.com/watch?v=JfR2p7qNokE&pp=ygUGWm9vbWV4,3.2ä¸‡æ¬¡è§‚çœ‹
GANA 100.000 DOLARES GRATIS en este EXCHANGE ZOOMEX + 5$ GRATIS SOLO POR PARTICIPAR,https://www.youtube.com/watch?v=z78pn03PjQQ&pp=ygUGWm9vbWV4,611æ¬¡è§‚çœ‹
ã€å‚‘å…‹çš„äº¤æ˜“æ•™å®¤YouTubeé »é“ç›´æ’­å›æ”¾ã€‘2024åäºŒæœˆ06 è¡Œæƒ…ç›´æ’­,https://www.youtube.com/watch?v=3jbBcNEhU_c&pp=ygUGWm9vbWV4,504æ¬¡è§‚çœ‹
å–å¼•é«˜æ¡ä»¶ã‚’é”æˆã™ã‚‹ã‚³ãƒ„ã€ZOOMEXå…¬å¼ã‚¬ã‚¤ãƒ‰ã€‘,https://www.youtube.com/watch?v=h7EWynY_mLM&pp=ygUGWm9vbWV4,187æ¬¡è§‚çœ‹
HUGE Altcoin Buying Opportunity Incoming! [My TOP Picks!],https://www.youtube.com/watch?v=cAsbiB1u43c&pp=ygUGWm9vbWV4,1.7ä¸‡æ¬¡è§‚çœ‹
4í¸ ì£¼ë©•ìŠ¤(ZOOMEX) ë¦¬ë“€ìŠ¤ì˜¨ë¦¬ (Reduce - Only) ê¸°ëŠ¥ ì‚¬ìš©í•˜ëŠ” ë°©ë²•,https://www.youtube.com/watch?v=PZ30QbwFQ5Q&pp=ygUGWm9vbWV4,933æ¬¡è§‚çœ‹
Turbo ( Turbo crypto )ğŸš¨ Whales Are Buying Turbo Price prediction / News Today,https://www.youtube.com/watch?v=REhFy0ziVVA&pp=ygUGWm9vbWV4,3693æ¬¡è§‚çœ‹
"LIVE - $13,000,000 Million Dollar Trade - LIVE",https://www.youtube.com/watch?v=k3-yOwgeCY0&pp=ygUGWm9vbWV4,3.2ä¸‡æ¬¡è§‚çœ‹
Pro Trader Reveals 3 SECRETS Why Youâ€™re Not Profitable in Crypto!,https://www.youtube.com/watch?v=1zi5oWA_Fus&pp=ygUGWm9vbWV4,8565æ¬¡è§‚çœ‹
"LIVE - $10,000,000 Million Dollar Trading",https://www.youtube.com/watch?v=TXoU-wyajHs&pp=ygUGWm9vbWV4,1.8ä¸‡æ¬¡è§‚çœ‹
40$ Instant Withdraw In Zoomex ğŸ˜ Zoomex New Loot ğŸ”¥ Apenft Loot ğŸš€ Coinex Loot,https://www.youtube.com/watch?v=fFYqfoXuH9M&pp=ygUGWm9vbWV4,477æ¬¡è§‚çœ‹
ğŸ’€ (I'll take a better one next time) #zoom #fypã‚·ã‚š,https://www.youtube.com/shorts/1XbkbPjDV40,442æ¬¡è§‚çœ‹
Zoom Vistro Exzeri - No Reason (rain version),https://www.youtube.com/watch?v=K3RKkni-jEQ&pp=ygUGWm9vbWV4,1846æ¬¡è§‚çœ‹
"ğŸŸ© Zoomex â€“ ĞšĞ°Ğº Ğ¿Ğ¾Ğ»ÑŒĞ·Ğ¾Ğ²Ğ°Ñ‚ÑŒÑÑ ĞºÑ€Ğ¸Ğ¿Ñ‚Ğ¾Ğ²Ğ°Ğ»ÑÑ‚Ğ½Ğ¾Ğ¹ Ğ±Ğ¸Ñ€Ğ¶ĞµĞ¹? Ğ¢ÑƒÑ€Ğ½Ğ¸Ñ€ Ğ½Ğ° $6,5Ğ¼Ğ»Ğ½",https://www.youtube.com/watch?v=mWW9fshejKw&pp=ygUGWm9vbWV4,6.1ä¸‡æ¬¡è§‚çœ‹
"LIVE - $10,000,000 Million Dollar Trade - Bitcoin Eth PUMP LONG",https://www.youtube.com/watch?v=Tg5Uoj1DBYk&pp=ygUGWm9vbWV4,2.4ä¸‡æ¬¡è§‚çœ‹
#æ¯”ç‰¹å¸è¡Œæƒ…åˆ†æ â—äºŒé¤…é€™æ³¢ã€æ²’åƒåˆ°500é»ä»¥ä¸Šã€éƒ½æ²’è³‡æ ¼ç‚«è€€ï¼â—æ¯”ç‰¹å¸ã€è®“å­å½ˆé£›ã€é‚„æœªç˜‹ç‹‚ï¼â—ä»¥å¤ªåŠã€ä¸Šæ¼²é–‹å§‹ã€æ…¢æ…¢æ­¢ç›ˆï¼â—DOGEã€ORDIã€SOLã€LPTã€TIAâ— #æ¯”ç‰¹å¸ #btc #æ¯”ç‰¹å¹£,https://www.youtube.com/watch?v=1Kbo-jP5ppk&pp=ygUGWm9vbWV4,493æ¬¡è§‚çœ‹
IMPOSSIBLE ğŸ·ğŸ—¿,https://www.youtube.com/shorts/6hvJAobpKzg,æ— äººè§‚çœ‹
"5í¸ ì£¼ë©•ìŠ¤ (ZOOMEX) êµì°¨ì™€ê²©ë¦¬ (Cross, Isolated)ì˜ ê°œë…",https://www.youtube.com/watch?v=owb0XTLbVPw&pp=ygUGWm9vbWV4,685æ¬¡è§‚çœ‹
"Tráº£i nghiá»‡m Zoomex, Ä‘Ã³n siÃªu event má»«ng Halloween",https://www.youtube.com/watch?v=lVuaYWFiHSA&pp=ygUGWm9vbWV4,2118æ¬¡è§‚çœ‹
à¶”à¶±à·Šà¶± à¶”à¶ºà·à¶½à¶œà·™ à¶¸à·šà·ƒà·š à¶‹à¶©à·’à¶±à·Š à¶­à·’à¶ºà¶±à·Šà¶± Stress Relief Ornament à¶…à¶½à·”à¶­à·Š à¶©à·’à·ƒà¶ºà·’à¶±à·Š à¶§à·’à¶šà¶šà·Š à¶†à·€à· ğŸ¥ºâ¤,https://www.youtube.com/shorts/Bm66lgeKDSg,61ä¸‡æ¬¡è§‚çœ‹
Ğ’Ğ½ĞµÑĞ¸ Ğ´ĞµĞ¿Ğ¾Ğ·Ğ¸Ñ‚ Ğ¾Ñ‚ 50USDT Ğ¸ Ğ¿Ğ¾Ğ»ÑƒÑ‡Ğ¸Ñ‚Ğµ 65$ Ñ€ĞµĞ°Ğ»ÑŒĞ½Ñ‹Ñ… Ğ´ĞµĞ½ĞµĞ³ ğŸ’¥ZOOMEXğŸ’¥ĞĞ°Ğ´ĞµĞ¶Ğ½Ñ‹Ğ¹ Ğ¸Ğ½ÑÑ‚Ñ€ÑƒĞ¼ĞµĞ½Ñ‚ Ğ¢Ñ€ĞµĞ¹Ğ´ĞµÑ€Ğ°!,https://www.youtube.com/watch?v=9Vp7lByjo8o&pp=ygUGWm9vbWV4,1219æ¬¡è§‚çœ‹
à¶”à¶±à·Šà¶± à¶šà·œà¶½à·Šà¶½à¶½à¶±à·Šà¶§ à·ƒà·”à¶´à·’à¶»à·’ RGB Rechargable à·†à·‘à¶±à·Š à¶‘à¶šà¶šà·Š à¶œà·™à¶±à·€à· â¤ğŸ¥º,https://www.youtube.com/shorts/76vNECPe564,952æ¬¡è§‚çœ‹
#æ¯”ç‰¹å¸è¡Œæƒ…åˆ†æ â—ä¸è½ï¼æš´æ¼²è¡Œæƒ…ã€åˆæ²’è¶•ä¸Šï¼Ÿåˆ¥æ…Œï¼è§¸é ‚é‚„æ—©ï¼â—æ¯”ç‰¹å¸ã€åè¬ä¼ç©©ã€æ‰æœƒç˜‹ç‹‚ï¼â—ä»¥å¤ªåŠã€è£œæ¼²åˆæœŸã€è‘—ä»€éº¼æ€¥ï¼â—DOGEã€ORDIã€SOLã€LPTã€TIAâ— #æ¯”ç‰¹å¸ #btc #æ¯”ç‰¹å¹£,https://www.youtube.com/watch?v=Pyucou2IYLE&pp=ygUGWm9vbWV4,501æ¬¡è§‚çœ‹
#æ¯”ç‰¹å¸è¡Œæƒ…åˆ†æ â—æ³¨æ„ï¼æ­£åœ¨æ¸¬è©¦é—œéµå£“åŠ›ä½ï¼å¾…ç›¤æ•´ã€è¿æ¥æš´æ¼²ï¼â—æ¯”ç‰¹å¸ã€ç©æ¥µçœ‹æ¼²ã€å…ˆçœ‹åè¬ï¼â—ä»¥å¤ªåŠã€å³å°‡è£œæ¼²ã€æŠ“ç©©æ‰¶ç‰¢ï¼â—DOGEã€ORDIã€SOLã€LPTã€TIAâ— #æ¯”ç‰¹å¸ #btc #æ¯”ç‰¹å¹£,https://www.youtube.com/watch?v=53Wcpbn8xUY&pp=ygUGWm9vbWV4,455æ¬¡è§‚çœ‹
ZOOMEX TUTORIJAL - Ne treba vam verifikacija za trejding!,https://www.youtube.com/watch?v=MHipBXRZhr4&pp=ygUGWm9vbWV4,546æ¬¡è§‚çœ‹
BTCæŒçºŒä¸Šæ¼²? ETHæº–å‚™ä¸Šæ¼² é‚„æ²’ä¸Šè»Š? BTC ETH BCHæŠ€è¡“åˆ†æ | 2024/12/05,https://www.youtube.com/watch?v=VIah6QUTw6E&pp=ygUGWm9vbWV4,1022æ¬¡è§‚çœ‹
BITCOIN: ğŸš¨ ALLARME ROSSO (quasi) ! ğŸš¨ - Monday Recap,https://www.youtube.com/watch?v=r2GYKTidjd8&pp=ygUGWm9vbWV4,446æ¬¡è§‚çœ‹
ã€åˆå¿ƒè€…å¿…è¦‹ï¼ã€‘ã€ãƒ“ãƒƒãƒˆã‚³ã‚¤ãƒ³ã€‘CoinCheckã§æš—å·è³‡ç”£ã®è³¼å…¥ã‚’æ¤œè¨ã—ã¦ã„ã‚‹æ–¹å¿…è¦‹ï¼è­¦å‘Šï¼ï¼ãƒ¡ã‚¿ãƒã‚¹ã‚¯ã«é€ƒãŒã›ï¼ #ä»®æƒ³é€šè²¨ #ç±³å›½æ ª #ãƒ“ãƒƒãƒˆã‚³ã‚¤ãƒ³#ã‚¤ãƒ¼ã‚µãƒªã‚¢ãƒ  #CoinCheckï¼ƒAI,https://www.youtube.com/watch?v=xrdjNhT1Vj0&pp=ygUGWm9vbWV4,æ— äººè§‚çœ‹
DE LOCOS ? ZOOMEX REGALA hasta 1 BITCOIN GRATIS (100% REAL),https://www.youtube.com/shorts/vFiRFjXI7B8,96æ¬¡è§‚çœ‹
æ¯”ç‰¹å¹£æš´æ¼²å‰çš„æœ€å¾Œä¸‹è·Œ å±±å¯¨å¹£ä¸‹æ®º åˆ¥äººææ…Œ ä½ å¿…é ˆè²ªå©ª,https://www.youtube.com/watch?v=YHdW8NflZ9E&pp=ygUGWm9vbWV4,907æ¬¡è§‚çœ‹
"Giá»›i thiá»‡u sÃ n giao dá»‹ch Zoomex vÃ  sá»± kiá»‡n Ä‘á»™c quyá»n cho ngÆ°á»i dÃ¹ng viá»‡t nam, Ä‘Äƒng kÃ½ vÃ  nháº­n 53$",https://www.youtube.com/watch?v=2HaoPiE5O5k&pp=ygUGWm9vbWV4,5476æ¬¡è§‚çœ‹
ã€å‚‘å…‹çš„äº¤æ˜“æ•™å®¤YouTubeé »é“ç›´æ’­å›æ”¾ã€‘2024åäºŒæœˆ09 è¡Œæƒ…ç›´æ’­,https://www.youtube.com/watch?v=TKyqwAwGnPM&pp=ygUGWm9vbWV4,324æ¬¡è§‚çœ‹
"WARNING CRYPTO MARKET CRASH? XRP, ALGO, XLM, KAS, ADA, AERO, ONDO, HBAR, RENDER, ICP",https://www.youtube.com/watch?v=2eYifL4gFIE&pp=ygUGWm9vbWV4,75æ¬¡è§‚çœ‹
DON'T Miss Out On These Altcoin Entries! [Time Running Out!],https://www.youtube.com/watch?v=ipQ3lZjXJg8&pp=ygUGWm9vbWV4,5238æ¬¡è§‚çœ‹
12/9ã€ä»®æƒ³é€šè²¨ã€€é…ä¿¡æ­´4å¹´ã€‘BTC/XRPç›¸å ´åˆ†æâ™¡5åˆ†ã§èã‘ã‚‹â™ªã‚µã‚¯ãƒƒã¨è¦‹ã‚Œã‚‹â™ªé€šå‹¤å‰ã‚„å¯ã‚‹å‰ã®ã‚¤ãƒ³ãƒ—ãƒƒãƒˆã«ãŠã™ã™ã‚â™¡,https://www.youtube.com/watch?v=GlaFZB_kmsY&pp=ygUGWm9vbWV4,820æ¬¡è§‚çœ‹
ğŸš¨ Bitcoin Live Trading: Live Bitcoin Mega Pump ..LOADING Chainlink Pump / Pepe Pump,https://www.youtube.com/watch?v=hWXhuhtS0Ck&pp=ygUGWm9vbWV4,2841æ¬¡è§‚çœ‹
"æ¯”ç‰¹å¹£çªç ´100,000ç¾é‡‘ï¼æœƒå›èª¿å—ï¼Ÿï¼æ¥ä¸‹ä¾†ä½ˆå±€å®ƒèƒ½æ¼²10å€ï¼Ÿï¼è²èŠå¾·è¦ç™¼æ–°ETFäº†ï¼å®ƒæ˜¯ï¼Ÿï¼Ÿï¼Ÿ| æ¯”ç‰¹å¹£ æ¯”ç‰¹å¸ æ¯”ç‰¹å¹£è¶¨å‹¢ ä»¥å¤ªå¹£ ä»¥å¤ªåŠ #æ¯”ç‰¹å¹£ #æ¯”ç‰¹å¸ #æ¯”ç‰¹å¹£è¶¨å‹¢ #ä»¥å¤ªå¹£ #ä»¥å¤ªåŠ",https://www.youtube.com/watch?v=cbfpoRYnM6Q&pp=ygUGWm9vbWV4,1403æ¬¡è§‚çœ‹
Bitcoin Drop Imminent! Here's What You Need to Do Now!,https://www.youtube.com/watch?v=36R1dQNGlB0&pp=ygUGWm9vbWV4,5289æ¬¡è§‚çœ‹
"à¶”à¶±à·Šà¶± à¶½à¶‚à¶šà·à·€à·š à¶šà·œà¶©à·’à¶º à¶­à·’à¶ºà¶± Solor Power Astronaut à¶šà·™à¶±à·™à¶šà·Š.à·€à·à·„à¶±à¶ºà·š , à¶¸à·šà·ƒà·š à¶‹à¶© à¶­à·’à¶ºà¶±à·Šà¶± à·ƒà·”à¶´à·’à¶»à·’ Item à¶‘à¶šà¶šà·Š ğŸ¥ºâ¤",https://www.youtube.com/shorts/loUzjrStXh8,1263æ¬¡è§‚çœ‹
The BITCOIN FRACTAL Pattern That's About to CHANGE EVERYTHING!,https://www.youtube.com/watch?v=qPTd1cYT3uk&pp=ygUGWm9vbWV4,5119æ¬¡è§‚çœ‹
OBOTæ˜¯ä»€ä¹ˆï¼Ÿï¼è¯„è®ºåŒºç•™è¨€æŠ½çº¢åŒ…å’¯ï¼| æ¯”ç‰¹å¹£ æ¯”ç‰¹å¸ æ¯”ç‰¹å¹£è¶¨å‹¢ ä»¥å¤ªå¹£ ä»¥å¤ªåŠ #æ¯”ç‰¹å¹£ #æ¯”ç‰¹å¸ #æ¯”ç‰¹å¹£è¶¨å‹¢ #ä»¥å¤ªå¹£ #ä»¥å¤ªåŠ,https://www.youtube.com/watch?v=oYRh6SMzMZw&pp=ygUGWm9vbWV4,197æ¬¡è§‚çœ‹
ä»¥å¤ªå¹£å·æ‹‰ç ´ $4000 æ¯”ç‰¹å¹£å¤©åœ°é‡æ€éº¼æ tonä¾†åˆ°é—œéµä½,https://www.youtube.com/watch?v=zMHrJeT5iDQ&pp=ygUGWm9vbWV4,623æ¬¡è§‚çœ‹
Bitcoin Is About To Have A Wild Week,https://www.youtube.com/watch?v=MlKvo1827q0&pp=ygUGWm9vbWV4,317æ¬¡è§‚çœ‹
My Next Trade Bitcoin 100k Eth To 7k,https://www.youtube.com/watch?v=zAZHFD9w6m0&pp=ygUGWm9vbWV4,188æ¬¡è§‚çœ‹
$AITECH: LA RIVOLUZIONE DELL'INTELLIGENZA ARTIFICIALE! COSA DOBBIAMO SAPERE DI QUESTO PROGETTO?,https://www.youtube.com/watch?v=pnRmSM77PzY&pp=ygUGWm9vbWV4,1080æ¬¡è§‚çœ‹
ğŸš¨RED ALERT! The Bitcoin Shake Out Is NOT Over Just Yet!,https://www.youtube.com/watch?v=AJfuf5WvRFE&pp=ygUGWm9vbWV4,5249æ¬¡è§‚çœ‹
ğŸš¨ Bitcoin Live Trading: Live 100K Bitcoin MEGA PUMP ğŸš¨ Render Pump / Gala Games Pump,https://www.youtube.com/watch?v=olxHO4EiUpI&pp=ygUGWm9vbWV4,2057æ¬¡è§‚çœ‹
BITCOIN : UNE Ã‰NORME SEMAINE !,https://www.youtube.com/watch?v=1o2CNHB0k60&pp=ygUGWm9vbWV4,9000æ¬¡è§‚çœ‹
Ansem is COOKED,https://www.youtube.com/watch?v=t3J-o9qnWbQ&pp=ygUGWm9vbWV4,1.3ä¸‡æ¬¡è§‚çœ‹
ETH å¤§è·Œ.å¦‚ä½•æ•‘å€‰? å³å¸‚åˆ†æå¹£å¸‚,https://www.youtube.com/watch?v=75jRAlTv8a0&pp=ygUGWm9vbWV4,147æ¬¡è§‚çœ‹
ã€ç¬¬äºŒè½®æ”¿ç­–åˆºæ¿€æ¥äº†ï¼ã€‘å¤§æ‘©å†…éƒ¨é—­é—¨ä¼šï¼šæ–°ä¸€è½®æ”¿ç­–å·²ç»å‘¼ä¹‹æ¬²å‡ºäº†ï¼å°±åœ¨è·¯ä¸Šï¼ï¼ï¼ˆ2024-12-9ï¼‰è¿™ä¸€æ¬¡æ–°çš„æ”¿ç­–åˆºæ¿€å°†ä¼šå¸¦æ¥å¤šå¤§çš„æ•ˆæœï¼Œå¯¹äºå¸‚åœºä¸‹ä¸€æ­¥æœ‰å¤šå¤§å½±å“ï¼Ÿä¸‹ä¸€æ­¥åˆ°åº•æ€ä¹ˆèµ°ï¼Ÿ #æ‘©æ ¹å£«ä¸¹åˆ©,https://www.youtube.com/watch?v=iNPVmbHrEG0&pp=ygUGWm9vbWV4,7577æ¬¡è§‚çœ‹
ãƒŸãƒ¼ãƒ ã‚³ã‚¤ãƒ³ã‚’è²·ã†ãªã‚‰ã“ã‚Œä¸€æŠï¼è¶…è©±é¡Œã®ãƒ•ã‚¡ãƒ³ãƒˆãƒ ã‚¦ã‚©ãƒ¬ãƒƒãƒˆã®é­…åŠ›ã¨å£åº§ä½œæˆæ–¹æ³•ã«ã¤ã„ã¦è§£èª¬ï¼,https://www.youtube.com/watch?v=lRtc3FaKOnM&pp=ygUGWm9vbWV4,æ— äººè§‚çœ‹
ğŸ”´Why Is Bitcoin Getting Slammed | Let's Bitcoin and Chill #14,https://www.youtube.com/watch?v=Z6Osgupqnuw&pp=ygUGWm9vbWV4,1270æ¬¡è§‚çœ‹
ã€å‡å°‘ä¸€å¤§æˆªğŸ¤¨ã€‘ä¸­å¤®æ”¿æ²»å±€é–‹æœƒ å…©è¬é—œå¯ä»¥å®ˆå¹¾è€ï¼Ÿ|æ¯›æˆˆå¹³é¦–æ›å‹å‡ æŠ½ä¸­ç¹¼çºŒæ¸å®šé£Ÿç³Šï¼Ÿ| è¯å¯Œç›´æ’­å®¤ğŸ“¹ || å”ç‰› || Vivian || 24-12-10,https://www.youtube.com/watch?v=3RgdUc4NjHE&pp=ygUGWm9vbWV4,254äººæ­£åœ¨è§‚çœ‹
You Don't Want To Hear This About Altcoins...,https://www.youtube.com/watch?v=dPT_zpL4dTQ&pp=ygUGWm9vbWV4,4.1ä¸‡æ¬¡è§‚çœ‹
Level 3à¶š Speed Control à¶šà¶»à¶±à·Šà¶± à¶´à·”à¶½à·”à·€à¶±à·Š à·ƒà·”à¶´à·’à¶»à·’ à¶¸à·’à¶±à·’ à·†à·‘à¶±à·Š à¶‘à¶šà¶šà·Š ğŸ¥ºâ¤,https://www.youtube.com/shorts/unvLEZSaNtQ,4427æ¬¡è§‚çœ‹
Bitcoin Breaking $100000! This Will Happen Next!,https://www.youtube.com/watch?v=9JDKDVGPIKw&pp=ygUGWm9vbWV4,4793æ¬¡è§‚çœ‹
The Fed Is About To Make A Massive Mistake | This Changes Everything,https://www.youtube.com/watch?v=98udSKko9rg&pp=ygUGWm9vbWV4,623æ¬¡è§‚çœ‹
BITCOIN y ALTCOINS: PREPARADOS para los REBOTES? | BTC | CRYPTOS | ETF | ETH | XRP,https://www.youtube.com/watch?v=gyFItUSvUlM&pp=ygUGWm9vbWV4,1ä¸‡æ¬¡è§‚çœ‹
5 Formas de Generar Ingresos Pasivos Con Criptomonedas,https://www.youtube.com/watch?v=XWCp_uZn56E&pp=ygUGWm9vbWV4,1990æ¬¡è§‚çœ‹
What is Short & Long Trading in Cryptocurrency? (BEGINNER TUTORIAL),https://www.youtube.com/watch?v=htMnuCeNeDA&pp=ygUGWm9vbWV4,5.6ä¸‡æ¬¡è§‚çœ‹
The Meme Coin Trap No Oneâ€™s Talking About | Plus BTC Update,https://www.youtube.com/watch?v=pbl7dI_0NQY&pp=ygUGWm9vbWV4,1.5ä¸‡æ¬¡è§‚çœ‹
"Announcing our November Microgrant Recipients - Busybox, CryptPad, libvips, and ImHex!",https://www.youtube.com/watch?v=NMUwr_thyZs&pp=ygUGWm9vbWV4,377æ¬¡è§‚çœ‹
åŒ—æœé®®ã¨ãƒ“ãƒƒãƒˆã‚³ã‚¤ãƒ³ã®çŸ¥ã‚‰ã‚Œã–ã‚‹æ·±ã„é–¢ä¿‚ã«ã¤ã„ã¦ï¼ #ãƒ“ãƒƒãƒˆã‚³ã‚¤ãƒ³ #web3 #crypto #ãƒ“ãƒƒãƒˆãƒãƒ³ã‚¯ #bitcoin #ãƒ“ãƒƒãƒˆãƒã‚¤ãƒ³ãƒˆ #btc #ã‚¤ãƒ¼ã‚µãƒªã‚¢ãƒ #åŒ—æœé®®,https://www.youtube.com/shorts/lzJPdebgAlU,1149æ¬¡è§‚çœ‹
ğŸš¨å¤§ç‰›å¸‚çš„è­¦å‘Šï¼ğŸ˜²ä½•æ—¶å–å‡ºåŠ å¯†è´§å¸ï¼Ÿï¼ #OKXäº¤æ˜“æ‰€ #æ¬§æ˜“web3é’±åŒ…,https://www.youtube.com/watch?v=VGT4oJ2N1KY&pp=ygUGWm9vbWV4,1613æ¬¡è§‚çœ‹
BITCOIN : LES CRYPTOS EXPLOSENT ! FET,https://www.youtube.com/watch?v=IEOlcGZe3ls&t=1356s&pp=ygUGWm9vbWV4,9890æ¬¡è§‚çœ‹
L'ALTSEASON COMMENCE MAINTENANT !,https://www.youtube.com/watch?v=naWWjGgexCU&t=403s&pp=ygUGWm9vbWV4,1.1ä¸‡æ¬¡è§‚çœ‹
"SonicèŠ‚ç‚¹ï¼ŒSolanaä¸ŠEVMå…¼å®¹,tiktokä¸Šç²‰ä¸ç ´100ä¸‡",https://www.youtube.com/watch?v=Kf1mY4BShGY&pp=ygUGWm9vbWV4,1121æ¬¡è§‚çœ‹
"De $0 a $10,000 Â¿Como Conseguir tus Primeros 10K Dolares?",https://www.youtube.com/watch?v=qVfHbcQ-YL8&pp=ygUGWm9vbWV4,6497æ¬¡è§‚çœ‹
APRENDE GRATIS :) ğŸ¤¯ (Operativa en VIVO),https://www.youtube.com/watch?v=nzBl-I5FYEM&pp=ygUGWm9vbWV4,193æ¬¡è§‚çœ‹
BITCOIN ROMPERÃ PUNTO mÃ¡s CRÃTICO de su HISTORIA? | BTC | CRYPTOS | ETF,https://www.youtube.com/watch?v=q88T0nl_Z54&pp=ygUGWm9vbWV4,1.1ä¸‡æ¬¡è§‚çœ‹
ğŸš¨ğŸ™€ATTENTI A BITCOIN ADESSO PATTERN DEVASTANTE- POCHE ORE,https://www.youtube.com/watch?v=q6q-_YUaoyY&pp=ygUGWm9vbWV4,5064æ¬¡è§‚çœ‹
æ¯”ç‰¹å¸95000è¿˜æ˜¯105000ï¼ŸETHã€SOLã€DOGEåˆ†æ#OKX|BTC|ETH|XRP|ARB|SOL|DOGE|DYDX|ENS|AR|SHIB|ATOM|ROSEè¡Œæƒ…åˆ†äº«,https://www.youtube.com/watch?v=07wVXKKGrcI&pp=ygUGWm9vbWV4,569æ¬¡è§‚çœ‹
ğŸš¨è€å¿ƒæ˜¯ä¸€ç§ç¾å¾·ï¼ğŸš€æ¯”ç‰¹å¸åœ¨æ­¤æ—¶ä¼šå¤§æ¶¨ï¼ï¼Ÿ #OKXäº¤æ˜“æ‰€ #æ¬§æ˜“web3é’±åŒ…,https://www.youtube.com/watch?v=kHCSATE6NHw&pp=ygUGWm9vbWV4,990æ¬¡è§‚çœ‹
ãƒ“ãƒƒãƒˆã‚³ã‚¤ãƒ³30ï¼…ä¸‹è½ï¼Ÿãƒªãƒƒãƒ—ãƒ«ã«ã‚‚é£›ã³ç«ã€‚éŸ“å›½ã§å³æˆ’æ…‹å‹¢ã€‚,https://www.youtube.com/watch?v=zU6p1RbzzJU&pp=ygUGWm9vbWV4,5.7ä¸‡æ¬¡è§‚çœ‹
ä»®æƒ³é€šè²¨ãƒãƒ–ãƒ«å´©å£ŠãŒæ€–ã„äººã¸ã€‚,https://www.youtube.com/watch?v=23ZRpSGW5EQ&pp=ygUGWm9vbWV4,3.7ä¸‡æ¬¡è§‚çœ‹
"100,000ãƒ‰ãƒ«ã¯æ˜ç¢ºã«ãƒ–ãƒ¬ã‚¤ã‚¯ãªã‚‰ãšã€‚BTC ETH SOL XRP LINK AVAX PEPEã®ãƒãƒ£ãƒ¼ãƒˆåˆ†æã€‚",https://www.youtube.com/watch?v=JWY8DQkI_MI&pp=ygUGWm9vbWV4,1149æ¬¡è§‚çœ‹
[24.12.7] ë¹„íŠ¸ì½”ì¸ ì°¨íŠ¸ê¶Œìœ„ì ë¨¸ì „ë¶ˆê°œë¯¸,https://www.youtube.com/watch?v=2TzovGPLc4s&pp=ygUGWm9vbWV4,123æ¬¡è§‚çœ‹
Top 5 Bots de Telegram y Airdrops en Diciembre,https://www.youtube.com/watch?v=uYWdqrSDlI8&pp=ygUGWm9vbWV4,1785æ¬¡è§‚çœ‹
ã€ç·Šæ€¥ã€‘BTCæ€¥è½â€¼ï¸çµ¶å¥½ã®ãƒãƒ£ãƒ³ã‚¹åˆ°æ¥â‰ï¸ç§ã¯ã‚³ã‚³ã§è²·ã†ã€‚,https://www.youtube.com/watch?v=rAII1m9g2Cs&pp=ygUGWm9vbWV4,1.1ä¸‡æ¬¡è§‚çœ‹
ã‚‚ã†ã™ãå‹•ãâ€¼ï¸è²·ã†æº–å‚™â€¼ï¸,https://www.youtube.com/watch?v=VQIa-8891Ds&pp=ygUGWm9vbWV4,1ä¸‡æ¬¡è§‚çœ‹
ã€Liveã€‘ä»®æƒ³é€šè²¨å¸‚å ´ã®æš´è½ãŒãã¦ã—ã¾ã£ãŸã€‚,https://www.youtube.com/watch?v=9uFDW8Yew8c&pp=ygUGWm9vbWV4,3ä¸‡æ¬¡è§‚çœ‹
ãƒ“ãƒƒãƒˆã‚³ã‚¤ãƒ³ã¯è©¦ç·´ã®æ™‚ã€‚ä»®æƒ³é€šè²¨ã«å²ä¸Šæœ€é«˜é¡ãŒæµå…¥ï¼,https://www.youtube.com/watch?v=DrFZv7izs7Y&pp=ygUGWm9vbWV4,2.2ä¸‡æ¬¡è§‚çœ‹
ã‚ã®AmazonãŒãƒ“ãƒƒãƒˆã‚³ã‚¤ãƒ³ã®è³¼å…¥ã‚’æ¤œè¨ï¼ï¼Ÿã€ ä»®æƒ³é€šè²¨ãƒãƒ£ãƒ¼ãƒˆåˆ†æã€‘ #ãƒ“ãƒƒãƒˆã‚³ã‚¤ãƒ³ #ä»®æƒ³é€šè²¨ #æš—å·è³‡ç”£ #ãƒ†ã‚¯ãƒ‹ã‚«ãƒ«åˆ†æ,https://www.youtube.com/watch?v=KmcZqPcF27w&pp=ygUGWm9vbWV4,2788æ¬¡è§‚çœ‹
NO HAGAS COPY TRADING (Sin Saber estas 3 Cosas),https://www.youtube.com/watch?v=CAXKvT77OKA&pp=ygUGWm9vbWV4,362æ¬¡è§‚çœ‹
"Minare Bitcoin da Casa: Ãˆ Davvero Possibile?""",https://www.youtube.com/watch?v=hni0jUlA6V0&pp=ygUGWm9vbWV4,913æ¬¡è§‚çœ‹
å±±å¯¨å¸è´¦æˆ·ç¿»6å€è¾¾æˆï¼5ä¸‡æœ¬é‡‘å¹²åˆ°äº†30ä¸‡ï¼å¸åœˆä¸¤å¤§æ´¾åˆ«ï¼šæ ¼å±€æ´¾VSæ³¢æ®µæ´¾ï¼å±±å¯¨å­£æ¥äº†ï¼Œè°å°†ç¬‘åˆ°æœ€åï¼Ÿ#å±±å¯¨å¸ #å±±å¯¨å¸ç°è´§ #å±±å¯¨å­£ #å±±å¯¨å¸åˆçº¦,https://www.youtube.com/watch?v=RHCV88C8mHE&pp=ygUGWm9vbWV4,754æ¬¡è§‚çœ‹
ğŸš¨SELL OFF DEI MERCATIğŸš¨ BITCOIN TOP VICINO?,https://www.youtube.com/watch?v=7eMapb9wN7w&pp=ygUGWm9vbWV4,2533æ¬¡è§‚çœ‹
"ãƒ“ãƒƒãƒˆã‚³ã‚¤ãƒ³ç´„10,000ãƒ‰ãƒ«ã®æ€¥è½ï¼ã“ã®ã‚ã¨ã®è² ã‘ãªã„ãƒˆãƒ¬ãƒ¼ãƒ‰ã‚’ã‚·ã‚§ã‚¢ã—ã¾ã™ã€‚",https://www.youtube.com/watch?v=rYIALPttF0E&pp=ygUGWm9vbWV4,3918æ¬¡è§‚çœ‹
âš ï¸ã€Œæ‚²å ±ã€ã‚ã‚‹ä¾¡æ ¼ã‚’å‰²ã‚Œã‚‹ã¨è¿‘æ—¥10000ãƒ‰ãƒ«ã®æš´è½ãŒå§‹ã¾ã‚‹ã‹ã‚‰æ³¨æ„ã—ã‚ï¼Ÿï¼ãƒ“ãƒƒãƒˆã‚³ã‚¤ãƒ³åˆ†æ,https://www.youtube.com/watch?v=JwPTHQK9ZgU&pp=ygUGWm9vbWV4,4109æ¬¡è§‚çœ‹
"ãƒ“ãƒƒãƒˆã‚³ã‚¤ãƒ³ãŒã¾ãŸæ€¥è½ã™ã‚‹3ã¤ã®ç¤ºå”†ãŒå‡ºç¾ä¸­ã§ã™ã€ãƒªãƒƒãƒ—ãƒ«,ã‚¤ãƒ¼ã‚µãƒªã‚¢ãƒ ã€‘",https://www.youtube.com/watch?v=J3ZuEvdgr50&pp=ygUGWm9vbWV4,5166æ¬¡è§‚çœ‹
âš ï¸0.01åˆ°10ä¸‡ç¾å…ƒï¼ğŸš€å…¨çƒé‡‘èé©å‘½çš„å¼€å§‹ï¼ï¼Ÿ #OKXäº¤æ˜“æ‰€ #æ¬§æ˜“web3é’±åŒ…,https://www.youtube.com/watch?v=otZfRXtCOOY&pp=ygUGWm9vbWV4,604æ¬¡è§‚çœ‹
åˆå¿ƒè€…å¿…è¦‹ã€‚ãƒ“ãƒƒãƒˆã‚³ã‚¤ãƒ³ã‚’è²·ã£ãŸç¬é–“çˆ†æã®ç†ç”±ã€‚,https://www.youtube.com/watch?v=YQFcw7ZQuOA&pp=ygUGWm9vbWV4,3.1ä¸‡æ¬¡è§‚çœ‹
Memex ä¸»æµè¿·å› å¸æŒ‡æ•°å¹³å° è¿·å› å¸é¢„å”® è´¨æŠ¼APY12000%,https://www.youtube.com/watch?v=zmuMU2hGDuY&pp=ygUGWm9vbWV4,399æ¬¡è§‚çœ‹
"BITCOIN PodrÃ­a Buscar CERRAR el GAP, OJO a la CAÃDAâ€¼ï¸ğŸ“‰",https://www.youtube.com/shorts/4j1ncXHsuS8,627æ¬¡è§‚çœ‹
ãƒ´ã‚¡ãƒ³ãƒ†ãƒ¼ã‚¸ãŒé¸ã°ã‚Œã‚‹ãƒ¯ã‚±,https://www.youtube.com/watch?v=5Zis7idMhCU&pp=ygUGWm9vbWV4,1277æ¬¡è§‚çœ‹
Â¡OneKey Guarda CUALQUIER Token Incluso los Raros! + SORTEO de una Billetera FRÃA GRATIS! ğŸ”’ğŸ‰,https://www.youtube.com/watch?v=-Y5tXpmtqPs&pp=ygUGWm9vbWV4,199æ¬¡è§‚çœ‹
Como Retirar Dinero de WorldCoin en PerÃº ğŸ‡µğŸ‡ª WorldCoin a Soles,https://www.youtube.com/watch?v=taePEomMLtA&pp=ygUGWm9vbWV4,95æ¬¡è§‚çœ‹
ã€ãƒ“ãƒƒãƒˆã‚³ã‚¤ãƒ³ã€‘ã€ãƒ“ãƒƒãƒˆã‚³ã‚¤ãƒ³ã€‘ä¸­å›½æ”¿åºœã€Œä¸€å¸¯ä¸€è·¯ã€è¶…å¤§è¦æ¨¡ãƒ–ãƒ­ãƒƒã‚¯ãƒã‚§ãƒ¼ãƒ³åŸºç›¤ã‚’ç«‹ã¡ä¸Šã’ã¸ã€€ #ã‚¤ãƒ¼ã‚µãƒªã‚¢ãƒ  #ãƒ“ãƒƒãƒˆã‚³ã‚¤ãƒ³ï¼ƒç±³å›½æ ªï¼ƒãƒ“ãƒƒãƒˆã‚³ã‚¤ãƒ³ï¼ƒã‚¤ãƒ¼ã‚µãƒªã‚¢ãƒ #æ¥½å¤©ã‚¦ã‚©ãƒ¬ãƒƒãƒˆ #bitbank,https://www.youtube.com/watch?v=tYS0iYXIK6U&pp=ygUGWm9vbWV4,42æ¬¡è§‚çœ‹
ğŸ˜± Bitcoin y las Altcoins bajando Â¿Sera momento de vender?,https://www.youtube.com/watch?v=f_R4G1E_I7Y&pp=ygUGWm9vbWV4,1870æ¬¡è§‚çœ‹
BITCOIN : ATTENTION Ã€ CE PIÃˆGE QUI ARRIVE ! ğŸ˜²,https://www.youtube.com/watch?v=UlYGBj6bF6c&pp=ygUGWm9vbWV4,9883æ¬¡è§‚çœ‹
CON ESTA PÃGINA PUEDES GANAS HASTA 1 BTC GRATIS (SUPER PROMO GRATUITA),https://www.youtube.com/watch?v=0DRCqeZ5CO4&pp=ygUGWm9vbWV4,66æ¬¡è§‚çœ‹
PUEDES GANAR 10 DOLARES DIARIOS GRATIS -SOLO CON REGISTRO!! ğŸ’¯ğŸ‘‘ğŸ’¯T,https://www.youtube.com/watch?v=qsfSzXLhaF8&pp=ygUGWm9vbWV4,45æ¬¡è§‚çœ‹
"ğŸ”° Radix Desde Cero: ğŸ“¥ Aprende a Comprar XRD, CTO ğŸ’° y Hacer Staking FÃ¡cilmente ğŸŒŸ",https://www.youtube.com/watch?v=iRHB4BZc5xE&pp=ygUGWm9vbWV4,452æ¬¡è§‚çœ‹
BITCOIN CRASH QUE FAUT-IL FAIRE ! ğŸ‘€,https://www.youtube.com/watch?v=vvxjcpdjW28&pp=ygUGWm9vbWV4,9757æ¬¡è§‚çœ‹
BITCOIN : 100K $ ATTENTION Ã€ CE NIVEAU TRÃˆS DANGEREUX !,https://www.youtube.com/watch?v=SdLoxScpytc&pp=ygUGWm9vbWV4,1ä¸‡æ¬¡è§‚çœ‹
ç±³è²¡å‹™çœãŒé‡å¤§ç™ºè¨€ã€‚ãƒ“ãƒƒãƒˆã‚³ã‚¤ãƒ³ã®èºé€²ã¯ã¾ã ã¾ã ã“ã‚Œã‹ã‚‰ï¼,https://www.youtube.com/watch?v=Nlcx-bd188U&pp=ygUGWm9vbWV4,4.3ä¸‡æ¬¡è§‚çœ‹
LES ALTCOINS VONT PÃ‰TER Ã€ CE MOMENT-LÃ€ !? ğŸš€,https://www.youtube.com/watch?v=IDYYWU4vMLA&pp=ygUGWm9vbWV4,2.2ä¸‡æ¬¡è§‚çœ‹
"ãƒ“ãƒƒãƒˆã‚³ã‚¤ãƒ³ã‚³ãƒ”ãƒˆãƒ¬FXã§5,000ä¸‡å††è² ã‘ãŸè¦–è´è€…ã«è¥²æ’ƒã•ã‚ŒãŸ",https://www.youtube.com/watch?v=x-98cy5rCHo&pp=ygUGWm9vbWV4,3360æ¬¡è§‚çœ‹
MON PLAN POUR Lâ€™ALTCOIN SAISON ! ğŸ‘€,https://www.youtube.com/watch?v=YhSUV_fIvqA&pp=ygUGWm9vbWV4,1.4ä¸‡æ¬¡è§‚çœ‹
LES MEME COINS VONT PÃ‰TER POUR CE CYCLE ! ğŸš€,https://www.youtube.com/watch?v=BhROCB8pW94&pp=ygUGWm9vbWV4,1.9ä¸‡æ¬¡è§‚çœ‹
JE VOUS MONTRE MES TRADES SUR LES ALTCOINS ! ğŸ‘€,https://www.youtube.com/watch?v=Fv1HngNNp8w&pp=ygUGWm9vbWV4,8803æ¬¡è§‚çœ‹
æ—¥æœ¬ã®ã‚¹ãƒ†ãƒ¼ãƒ–ãƒ«ã‚³ã‚¤ãƒ³ VS æµ·å¤–ã®ã‚¹ãƒ†ãƒ¼ãƒ–ãƒ«ã‚³ã‚¤ãƒ³ï¼#ãƒ“ãƒƒãƒˆã‚³ã‚¤ãƒ³ #BTC#ETH#ãƒ“ãƒƒãƒˆãƒã‚¤ãƒ³ãƒˆ #coincheck#DMM#ã‚¢ãƒ¡ãƒªã‚«,https://www.youtube.com/shorts/TiHt1wUtBek,2132æ¬¡è§‚çœ‹
BITCOIN ON THE VERGE!!!!!!!! ğŸ’¥ (24 HR LIVE TRADING!!!!!!),https://www.youtube.com/watch?v=yY8T5gyla_A&pp=ygUGWm9vbWV4,7925æ¬¡è§‚çœ‹
SOL ç‚’ä¸€çº§å¸‚åœº MEMEå¸ æ—¥å…¥200åˆ€ï¼Œé€‚åˆå°ç™½ ä»æ­¤æ‹’ç»PVP,https://www.youtube.com/watch?v=c4E0KS3-SVk&pp=ygUGWm9vbWV4,1057æ¬¡è§‚çœ‹
