Keyword,Views,lang,Top 3 Pages,Class
Bingx,3219683.0,en,"1790000.0: https://www.youtube.com/watch?v=M9KLVjXmfjU&pp=ygUFQmluZ3g%3D
460000.0: https://www.youtube.com/watch?v=MGNB0Tchbqc&pp=ygUFQmluZ3g%3D
460000.0: https://www.youtube.com/watch?v=qYovRdLh5uY&pp=ygUFQmluZ3g%3D",Bingx
shorts,2110000.0,en,"1800000.0: https://www.youtube.com/watch?v=9CI72AvoQr4&pp=ygUFQmluZ3g%3D
310000.0: https://www.youtube.com/watch?v=N57vyoEsn5Y&pp=ygUFQmluZ3g%3D",Bingx
mobilelegends,1800000.0,de,1800000.0: https://www.youtube.com/watch?v=9CI72AvoQr4&pp=ygUFQmluZ3g%3D,Bingx
gusion,1800000.0,en,1800000.0: https://www.youtube.com/watch?v=9CI72AvoQr4&pp=ygUFQmluZ3g%3D,Bingx
gossen,1800000.0,de,1800000.0: https://www.youtube.com/watch?v=9CI72AvoQr4&pp=ygUFQmluZ3g%3D,Bingx
gusionmontage,1800000.0,en,1800000.0: https://www.youtube.com/watch?v=9CI72AvoQr4&pp=ygUFQmluZ3g%3D,Bingx
wtfmoment,1800000.0,en,1800000.0: https://www.youtube.com/watch?v=9CI72AvoQr4&pp=ygUFQmluZ3g%3D,Bingx
mlbb,1800000.0,en,1800000.0: https://www.youtube.com/watch?v=9CI72AvoQr4&pp=ygUFQmluZ3g%3D,Bingx
musicvideos,1790000.0,en,1790000.0: https://www.youtube.com/watch?v=M9KLVjXmfjU&pp=ygUFQmluZ3g%3D,Bingx
musicvideo,1790000.0,en,1790000.0: https://www.youtube.com/watch?v=M9KLVjXmfjU&pp=ygUFQmluZ3g%3D,Bingx
pokemon,1790000.0,en,1790000.0: https://www.youtube.com/watch?v=M9KLVjXmfjU&pp=ygUFQmluZ3g%3D,Bingx
OliviaCharlotte,1790000.0,en,1790000.0: https://www.youtube.com/watch?v=M9KLVjXmfjU&pp=ygUFQmluZ3g%3D,Bingx
pokemongo,1790000.0,en,1790000.0: https://www.youtube.com/watch?v=M9KLVjXmfjU&pp=ygUFQmluZ3g%3D,Bingx
cats,1790000.0,en,1790000.0: https://www.youtube.com/watch?v=M9KLVjXmfjU&pp=ygUFQmluZ3g%3D,Bingx
Unhappy,1790000.0,pt,1790000.0: https://www.youtube.com/watch?v=M9KLVjXmfjU&pp=ygUFQmluZ3g%3D,Bingx
hiphopmusic,1790000.0,en,1790000.0: https://www.youtube.com/watch?v=M9KLVjXmfjU&pp=ygUFQmluZ3g%3D,Bingx
MassOfMan,1790000.0,en,1790000.0: https://www.youtube.com/watch?v=M9KLVjXmfjU&pp=ygUFQmluZ3g%3D,Bingx
Bingx12in12,1295000.0,en,"460000.0: https://www.youtube.com/watch?v=qYovRdLh5uY&pp=ygUFQmluZ3g%3D
460000.0: https://www.youtube.com/watch?v=MGNB0Tchbqc&pp=ygUFQmluZ3g%3D
330000.0: https://www.youtube.com/watch?v=W0hAT3NbvfU&pp=ygUFQmluZ3g%3D",Bingx
VinJay,850000.0,en,"210000.0: https://www.youtube.com/watch?v=mGjQfNMDDts&pp=ygUFQmluZ3g%3D
150000.0: https://www.youtube.com/watch?v=7aQu5yZNcTw&pp=ygUFQmluZ3g%3D
150000.0: https://www.youtube.com/watch?v=GucfkkT_6rM&pp=ygUFQmluZ3g%3D",Bingx
bingx,774196.0,en,"360000.0: https://www.youtube.com/watch?v=c34QjoaeHF4&pp=ygUFQmluZ3g%3D
73000.0: https://www.youtube.com/watch?v=HBcvbm_zPio&pp=ygUFQmluZ3g%3D
46000.0: https://www.youtube.com/watch?v=KiJ_5tXUOfY&pp=ygUFQmluZ3g%3D",Bingx
BingX,403592.0,en,"78000.0: https://www.youtube.com/watch?v=-j23a6tJGkQ&pp=ygUFQmluZ3g%3D
69000.0: https://www.youtube.com/watch?v=0DoIBqFVQ4Y&pp=ygUFQmluZ3g%3D
40000.0: https://www.youtube.com/watch?v=u7KJX_ehiD4&pp=ygUFQmluZ3g%3D",Bingx
anickan,360000.0,en,360000.0: https://www.youtube.com/watch?v=c34QjoaeHF4&pp=ygUFQmluZ3g%3D,Bingx
vinjay,360000.0,sl,360000.0: https://www.youtube.com/watch?v=c34QjoaeHF4&pp=ygUFQmluZ3g%3D,Bingx
CHVSE,293000.0,en,"250000.0: https://www.youtube.com/watch?v=fRN_SW-iLRA&pp=ygUFQmluZ3g%3D
43000.0: https://www.youtube.com/watch?v=J3T1iKOcFL0&pp=ygUFQmluZ3g%3D",Bingx
cryptocurrency,257211.0,en,"78000.0: https://www.youtube.com/watch?v=-j23a6tJGkQ&pp=ygUFQmluZ3g%3D
26000.0: https://www.youtube.com/watch?v=iDGmq92hUCs&pp=ygUFQmluZ3g%3D
17000.0: https://www.youtube.com/watch?v=0MXCbdBPvgA&pp=ygUFQmluZ3g%3D",Bingx
crypto,254712.0,en,"78000.0: https://www.youtube.com/watch?v=-j23a6tJGkQ&pp=ygUFQmluZ3g%3D
26000.0: https://www.youtube.com/watch?v=iDGmq92hUCs&pp=ygUFQmluZ3g%3D
25000.0: https://www.youtube.com/watch?v=FalNyePtDEc&pp=ygUFQmluZ3g%3D",Bingx
FirstDegree,250000.0,en,250000.0: https://www.youtube.com/watch?v=fRN_SW-iLRA&pp=ygUFQmluZ3g%3D,Bingx
Massofman,240000.0,en,240000.0: https://www.youtube.com/watch?v=isTMeF6kCkg&pp=ygUFQmluZ3g%3D,Bingx
hiphop,240000.0,en,"1790000.0: https://www.youtube.com/watch?v=M9KLVjXmfjU&pp=ygUFQmluZ3g%3D
240000.0: https://www.youtube.com/watch?v=isTMeF6kCkg&pp=ygUFQmluZ3g%3D",Bingx
OHNOOKTAPUS,240000.0,en,240000.0: https://www.youtube.com/watch?v=isTMeF6kCkg&pp=ygUFQmluZ3g%3D,Bingx
rapper,240000.0,en,240000.0: https://www.youtube.com/watch?v=isTMeF6kCkg&pp=ygUFQmluZ3g%3D,Bingx
rap,240000.0,en,240000.0: https://www.youtube.com/watch?v=isTMeF6kCkg&pp=ygUFQmluZ3g%3D,Bingx
massofman,240000.0,en,240000.0: https://www.youtube.com/watch?v=isTMeF6kCkg&pp=ygUFQmluZ3g%3D,Bingx
bitcoin,233853.0,en,"78000.0: https://www.youtube.com/watch?v=-j23a6tJGkQ&pp=ygUFQmluZ3g%3D
26000.0: https://www.youtube.com/watch?v=iDGmq92hUCs&pp=ygUFQmluZ3g%3D
25000.0: https://www.youtube.com/watch?v=FalNyePtDEc&pp=ygUFQmluZ3g%3D",Bingx
Psycho,210000.0,pl,"210000.0: https://www.youtube.com/watch?v=mGjQfNMDDts&pp=ygUFQmluZ3g%3D
434.0: https://www.youtube.com/watch?v=WRuh0SYJ4L4&pp=ygUFQmluZ3g%3D",Bingx
криптовалюта,165000.0,uk,"65000.0: https://www.youtube.com/watch?v=gZE_b1eBFNg&pp=ygUFQmluZ3g%3D
54000.0: https://www.youtube.com/watch?v=y8vCqF6iyZY&pp=ygUFQmluZ3g%3D
46000.0: https://www.youtube.com/watch?v=KiJ_5tXUOfY&pp=ygUFQmluZ3g%3D",Bingx
BingXTrading,155852.0,en,"78000.0: https://www.youtube.com/watch?v=-j23a6tJGkQ&pp=ygUFQmluZ3g%3D
69000.0: https://www.youtube.com/watch?v=0DoIBqFVQ4Y&pp=ygUFQmluZ3g%3D
8664.0: https://www.youtube.com/watch?v=k8qHotRAkVg&pp=ygUFQmluZ3g%3D",Bingx
HighFrequency,150000.0,en,150000.0: https://www.youtube.com/watch?v=7aQu5yZNcTw&pp=ygUFQmluZ3g%3D,Bingx
Shieldx,147000.0,en,"78000.0: https://www.youtube.com/watch?v=-j23a6tJGkQ&pp=ygUFQmluZ3g%3D
69000.0: https://www.youtube.com/watch?v=0DoIBqFVQ4Y&pp=ygUFQmluZ3g%3D",Bingx
BingXshieldx,147000.0,en,"78000.0: https://www.youtube.com/watch?v=-j23a6tJGkQ&pp=ygUFQmluZ3g%3D
69000.0: https://www.youtube.com/watch?v=0DoIBqFVQ4Y&pp=ygUFQmluZ3g%3D",Bingx
BingXCrypto,147000.0,en,"78000.0: https://www.youtube.com/watch?v=-j23a6tJGkQ&pp=ygUFQmluZ3g%3D
69000.0: https://www.youtube.com/watch?v=0DoIBqFVQ4Y&pp=ygUFQmluZ3g%3D",Bingx
BingXexchange,147000.0,en,"78000.0: https://www.youtube.com/watch?v=-j23a6tJGkQ&pp=ygUFQmluZ3g%3D
69000.0: https://www.youtube.com/watch?v=0DoIBqFVQ4Y&pp=ygUFQmluZ3g%3D",Bingx
WhatIsBX,147000.0,en,"78000.0: https://www.youtube.com/watch?v=-j23a6tJGkQ&pp=ygUFQmluZ3g%3D
69000.0: https://www.youtube.com/watch?v=0DoIBqFVQ4Y&pp=ygUFQmluZ3g%3D",Bingx
Bingx12In12,130000.0,en,130000.0: https://www.youtube.com/watch?v=jo9oCAmWDzo&pp=ygUFQmluZ3g%3D,Bingx
12in12,130000.0,en,"460000.0: https://www.youtube.com/watch?v=qYovRdLh5uY&pp=ygUFQmluZ3g%3D
460000.0: https://www.youtube.com/watch?v=MGNB0Tchbqc&pp=ygUFQmluZ3g%3D
330000.0: https://www.youtube.com/watch?v=W0hAT3NbvfU&pp=ygUFQmluZ3g%3D",Bingx
Automatic,130000.0,en,130000.0: https://www.youtube.com/watch?v=zaF1SOVs130&pp=ygUFQmluZ3g%3D,Bingx
ethereum,124308.0,en,"78000.0: https://www.youtube.com/watch?v=-j23a6tJGkQ&pp=ygUFQmluZ3g%3D
15000.0: https://www.youtube.com/watch?v=rUwIned1SIY&pp=ygUFQmluZ3g%3D
13000.0: https://www.youtube.com/watch?v=5_KzixDBFXk&pp=ygUFQmluZ3g%3D",Bingx
MindControl,120000.0,en,120000.0: https://www.youtube.com/watch?v=AlISUbEy7r0&pp=ygUFQmluZ3g%3D,Bingx
1,118537.0,en,"460000.0: https://www.youtube.com/watch?v=qYovRdLh5uY&pp=ygUFQmluZ3g%3D
460000.0: https://www.youtube.com/watch?v=MGNB0Tchbqc&pp=ygUFQmluZ3g%3D
330000.0: https://www.youtube.com/watch?v=W0hAT3NbvfU&pp=ygUFQmluZ3g%3D",Bingx
trading,101138.0,en,"18000.0: https://www.youtube.com/watch?v=EUjphHKvp7k&pp=ygUFQmluZ3g%3D
17000.0: https://www.youtube.com/watch?v=0MXCbdBPvgA&pp=ygUFQmluZ3g%3D
17000.0: https://www.youtube.com/watch?v=0MXCbdBPvgA&pp=ygUFQmluZ3g%3D",Bingx
cryptonews,99821.0,en,"78000.0: https://www.youtube.com/watch?v=-j23a6tJGkQ&pp=ygUFQmluZ3g%3D
10000.0: https://www.youtube.com/watch?v=3IJOhfGTBos&pp=ygUFQmluZ3g%3D
6794.0: https://www.youtube.com/watch?v=5iBIeBAW3zU&pp=ygUFQmluZ3g%3D",Bingx
upnext,78000.0,en,78000.0: https://www.youtube.com/watch?v=-j23a6tJGkQ&pp=ygUFQmluZ3g%3D,Bingx
passiveincome,78000.0,de,78000.0: https://www.youtube.com/watch?v=-j23a6tJGkQ&pp=ygUFQmluZ3g%3D,Bingx
staking,78000.0,en,78000.0: https://www.youtube.com/watch?v=-j23a6tJGkQ&pp=ygUFQmluZ3g%3D,Bingx
Tutorial,75656.0,es,"40000.0: https://www.youtube.com/watch?v=u7KJX_ehiD4&pp=ygUFQmluZ3g%3D
34000.0: https://www.youtube.com/watch?v=9AJwp_QjkQc&pp=ygUFQmluZ3g%3D
3925.0: https://www.youtube.com/watch?v=OcrIuB4kGK0&pp=ygUFQmluZ3g%3D",Bingx
Chelsea,73231.0,en,"73000.0: https://www.youtube.com/watch?v=HBcvbm_zPio&pp=ygUFQmluZ3g%3D
231.0: https://www.youtube.com/watch?v=D2bw1eq-HLI&pp=ygUFQmluZ3g%3D",Bingx
Football,73000.0,en,73000.0: https://www.youtube.com/watch?v=HBcvbm_zPio&pp=ygUFQmluZ3g%3D,Bingx
ChelseaFC,73000.0,en,73000.0: https://www.youtube.com/watch?v=HBcvbm_zPio&pp=ygUFQmluZ3g%3D,Bingx
Soccer,73000.0,en,73000.0: https://www.youtube.com/watch?v=HBcvbm_zPio&pp=ygUFQmluZ3g%3D,Bingx
Crypto,72024.0,en,"78000.0: https://www.youtube.com/watch?v=-j23a6tJGkQ&pp=ygUFQmluZ3g%3D
69000.0: https://www.youtube.com/watch?v=0DoIBqFVQ4Y&pp=ygUFQmluZ3g%3D
40000.0: https://www.youtube.com/watch?v=u7KJX_ehiD4&pp=ygUFQmluZ3g%3D",Bingx
binance,71374.0,en,"17000.0: https://www.youtube.com/watch?v=0MXCbdBPvgA&pp=ygUFQmluZ3g%3D
17000.0: https://www.youtube.com/watch?v=0MXCbdBPvgA&pp=ygUFQmluZ3g%3D
10000.0: https://www.youtube.com/watch?v=3IJOhfGTBos&pp=ygUFQmluZ3g%3D",Bingx
CryptoShrek9,69000.0,en,69000.0: https://www.youtube.com/watch?v=0DoIBqFVQ4Y&pp=ygUFQmluZ3g%3D,Bingx
bingxtrading,67942.0,en,"17000.0: https://www.youtube.com/watch?v=0MXCbdBPvgA&pp=ygUFQmluZ3g%3D
17000.0: https://www.youtube.com/watch?v=0MXCbdBPvgA&pp=ygUFQmluZ3g%3D
10000.0: https://www.youtube.com/watch?v=zhAxvTplyqI&pp=ygUFQmluZ3g%3D",Bingx
Vin,66000.0,en,"210000.0: https://www.youtube.com/watch?v=mGjQfNMDDts&pp=ygUFQmluZ3g%3D
150000.0: https://www.youtube.com/watch?v=7aQu5yZNcTw&pp=ygUFQmluZ3g%3D
150000.0: https://www.youtube.com/watch?v=GucfkkT_6rM&pp=ygUFQmluZ3g%3D",Bingx
Video,66000.0,en,66000.0: https://www.youtube.com/watch?v=at1Pjxgvg08&pp=ygUFQmluZ3g%3D,Bingx
OnCue,62000.0,en,62000.0: https://www.youtube.com/watch?v=DxeT1fTLudM&pp=ygUFQmluZ3g%3D,Bingx
youtube,61000.0,en,"23000.0: https://www.youtube.com/watch?v=umdFULhR7c4&pp=ygUFQmluZ3g%3D
21000.0: https://www.youtube.com/watch?v=z6wAe5RZo5Q&pp=ygUFQmluZ3g%3D
17000.0: https://www.youtube.com/watch?v=KCdX0WpI_SE&pp=ygUFQmluZ3g%3D",Bingx
theetube,61000.0,en,"23000.0: https://www.youtube.com/watch?v=umdFULhR7c4&pp=ygUFQmluZ3g%3D
21000.0: https://www.youtube.com/watch?v=z6wAe5RZo5Q&pp=ygUFQmluZ3g%3D
17000.0: https://www.youtube.com/watch?v=KCdX0WpI_SE&pp=ygUFQmluZ3g%3D",Bingx
technicalyogi,61000.0,en,"23000.0: https://www.youtube.com/watch?v=umdFULhR7c4&pp=ygUFQmluZ3g%3D
21000.0: https://www.youtube.com/watch?v=z6wAe5RZo5Q&pp=ygUFQmluZ3g%3D
17000.0: https://www.youtube.com/watch?v=KCdX0WpI_SE&pp=ygUFQmluZ3g%3D",Bingx
sphelptechnical,61000.0,en,"23000.0: https://www.youtube.com/watch?v=umdFULhR7c4&pp=ygUFQmluZ3g%3D
21000.0: https://www.youtube.com/watch?v=z6wAe5RZo5Q&pp=ygUFQmluZ3g%3D
17000.0: https://www.youtube.com/watch?v=KCdX0WpI_SE&pp=ygUFQmluZ3g%3D",Bingx
ishanllb,61000.0,de,"23000.0: https://www.youtube.com/watch?v=umdFULhR7c4&pp=ygUFQmluZ3g%3D
21000.0: https://www.youtube.com/watch?v=z6wAe5RZo5Q&pp=ygUFQmluZ3g%3D
17000.0: https://www.youtube.com/watch?v=KCdX0WpI_SE&pp=ygUFQmluZ3g%3D",Bingx
ishanmonitor,61000.0,en,"23000.0: https://www.youtube.com/watch?v=umdFULhR7c4&pp=ygUFQmluZ3g%3D
21000.0: https://www.youtube.com/watch?v=z6wAe5RZo5Q&pp=ygUFQmluZ3g%3D
17000.0: https://www.youtube.com/watch?v=KCdX0WpI_SE&pp=ygUFQmluZ3g%3D",Bingx
bironghosh,61000.0,pt,"23000.0: https://www.youtube.com/watch?v=umdFULhR7c4&pp=ygUFQmluZ3g%3D
21000.0: https://www.youtube.com/watch?v=z6wAe5RZo5Q&pp=ygUFQmluZ3g%3D
17000.0: https://www.youtube.com/watch?v=KCdX0WpI_SE&pp=ygUFQmluZ3g%3D",Bingx
manojdey,61000.0,nl,"23000.0: https://www.youtube.com/watch?v=umdFULhR7c4&pp=ygUFQmluZ3g%3D
21000.0: https://www.youtube.com/watch?v=z6wAe5RZo5Q&pp=ygUFQmluZ3g%3D
17000.0: https://www.youtube.com/watch?v=KCdX0WpI_SE&pp=ygUFQmluZ3g%3D",Bingx
sphelp,61000.0,en,"23000.0: https://www.youtube.com/watch?v=umdFULhR7c4&pp=ygUFQmluZ3g%3D
21000.0: https://www.youtube.com/watch?v=z6wAe5RZo5Q&pp=ygUFQmluZ3g%3D
17000.0: https://www.youtube.com/watch?v=KCdX0WpI_SE&pp=ygUFQmluZ3g%3D",Bingx
Trading,57550.0,en,"78000.0: https://www.youtube.com/watch?v=-j23a6tJGkQ&pp=ygUFQmluZ3g%3D
69000.0: https://www.youtube.com/watch?v=0DoIBqFVQ4Y&pp=ygUFQmluZ3g%3D
34000.0: https://www.youtube.com/watch?v=9AJwp_QjkQc&pp=ygUFQmluZ3g%3D",Bingx
bingxexchange,56342.0,en,"17000.0: https://www.youtube.com/watch?v=0MXCbdBPvgA&pp=ygUFQmluZ3g%3D
17000.0: https://www.youtube.com/watch?v=0MXCbdBPvgA&pp=ygUFQmluZ3g%3D
10000.0: https://www.youtube.com/watch?v=btnItRpMzR8&pp=ygUFQmluZ3g%3D",Bingx
metaverse,52474.0,en,"16000.0: https://www.youtube.com/watch?v=XOAEhEbKwso&pp=ygUFQmluZ3g%3D
12000.0: https://www.youtube.com/watch?v=pvhBqoGi90s&pp=ygUFQmluZ3g%3D
10000.0: https://www.youtube.com/watch?v=3IJOhfGTBos&pp=ygUFQmluZ3g%3D",Bingx
BINGX,52264.0,en,"43000.0: https://www.youtube.com/watch?v=J3T1iKOcFL0&pp=ygUFQmluZ3g%3D
9264.0: https://www.youtube.com/watch?v=FZ5ANePUX_U&pp=ygUFQmluZ3g%3D
9011.0: https://www.youtube.com/watch?v=TXuuu0k4GAM&pp=ygUFQmluZ3g%3D",Bingx
加入討論群組資訊,52000.0,zh,"37000.0: https://www.youtube.com/watch?v=r3X_tFg9KUQ&pp=ygUFQmluZ3g%3D
15000.0: https://www.youtube.com/watch?v=JCL-Pv201XA&pp=ygUFQmluZ3g%3D",Bingx
Cryptocurrency,51678.0,en,"40000.0: https://www.youtube.com/watch?v=u7KJX_ehiD4&pp=ygUFQmluZ3g%3D
3696.0: https://www.youtube.com/watch?v=00WQa1n9c0w&pp=ygUFQmluZ3g%3D
3151.0: https://www.youtube.com/watch?v=L550np57Haw&pp=ygUFQmluZ3g%3D",Bingx
加密貨幣,49421.0,zh,"14000.0: https://www.youtube.com/watch?v=w46fSBGMTXk&pp=ygUFQmluZ3g%3D
14000.0: https://www.youtube.com/watch?v=w46fSBGMTXk&pp=ygUFQmluZ3g%3D
9360.0: https://www.youtube.com/watch?v=ZGmXRBT5u4A&pp=ygUFQmluZ3g%3D",Bingx
Bitcoin,48435.0,en,"10000.0: https://www.youtube.com/watch?v=cGqyGJU0AFk&pp=ygUFQmluZ3g%3D
8830.0: https://www.youtube.com/watch?v=9uabH00RfRs&pp=ygUFQmluZ3g%3D
5718.0: https://www.youtube.com/watch?v=NdaC5HAG6b0&pp=ygUFQmluZ3g%3D",Bingx
REVIEWTRADING,48276.0,en,"46000.0: https://www.youtube.com/watch?v=D3EBM-UEtGc&pp=ygUFQmluZ3g%3D
2276.0: https://www.youtube.com/watch?v=SJFprIiAfjk&pp=ygUFQmluZ3g%3D",Bingx
TRADING,48276.0,en,"46000.0: https://www.youtube.com/watch?v=D3EBM-UEtGc&pp=ygUFQmluZ3g%3D
2276.0: https://www.youtube.com/watch?v=SJFprIiAfjk&pp=ygUFQmluZ3g%3D",Bingx
крипта,46000.0,sr,46000.0: https://www.youtube.com/watch?v=KiJ_5tXUOfY&pp=ygUFQmluZ3g%3D,Bingx
web3,45697.0,en,"16000.0: https://www.youtube.com/watch?v=XOAEhEbKwso&pp=ygUFQmluZ3g%3D
12000.0: https://www.youtube.com/watch?v=pvhBqoGi90s&pp=ygUFQmluZ3g%3D
7393.0: https://www.youtube.com/watch?v=YTXwEUkGbwo&pp=ygUFQmluZ3g%3D",Bingx
copytrading,45697.0,en,"16000.0: https://www.youtube.com/watch?v=XOAEhEbKwso&pp=ygUFQmluZ3g%3D
12000.0: https://www.youtube.com/watch?v=pvhBqoGi90s&pp=ygUFQmluZ3g%3D
10000.0: https://www.youtube.com/watch?v=zhAxvTplyqI&pp=ygUFQmluZ3g%3D",Bingx
cryptotrading,43335.0,es,"18000.0: https://www.youtube.com/watch?v=EUjphHKvp7k&pp=ygUFQmluZ3g%3D
10000.0: https://www.youtube.com/watch?v=btnItRpMzR8&pp=ygUFQmluZ3g%3D
6794.0: https://www.youtube.com/watch?v=5iBIeBAW3zU&pp=ygUFQmluZ3g%3D",Bingx
STAYDOWN,43000.0,en,43000.0: https://www.youtube.com/watch?v=J3T1iKOcFL0&pp=ygUFQmluZ3g%3D,Bingx
虛擬貨幣,40061.0,zh,"14000.0: https://www.youtube.com/watch?v=w46fSBGMTXk&pp=ygUFQmluZ3g%3D
14000.0: https://www.youtube.com/watch?v=w46fSBGMTXk&pp=ygUFQmluZ3g%3D
7937.0: https://www.youtube.com/watch?v=MBjb0BhNRus&pp=ygUFQmluZ3g%3D",Bingx
copytrade,40000.0,en,"16000.0: https://www.youtube.com/watch?v=XOAEhEbKwso&pp=ygUFQmluZ3g%3D
12000.0: https://www.youtube.com/watch?v=MNprlB5TaAE&pp=ygUFQmluZ3g%3D
12000.0: https://www.youtube.com/watch?v=MNprlB5TaAE&pp=ygUFQmluZ3g%3D",Bingx
BeginnersGuide,40000.0,en,40000.0: https://www.youtube.com/watch?v=u7KJX_ehiD4&pp=ygUFQmluZ3g%3D,Bingx
DepositWithdraw,40000.0,en,40000.0: https://www.youtube.com/watch?v=u7KJX_ehiD4&pp=ygUFQmluZ3g%3D,Bingx
bybit,37298.0,en,"17000.0: https://www.youtube.com/watch?v=0MXCbdBPvgA&pp=ygUFQmluZ3g%3D
17000.0: https://www.youtube.com/watch?v=0MXCbdBPvgA&pp=ygUFQmluZ3g%3D
1859.0: https://www.youtube.com/watch?v=WApPt13Rvxg&pp=ygUFQmluZ3g%3D",Bingx
bingxkycbangla,34000.0,en,"17000.0: https://www.youtube.com/watch?v=0MXCbdBPvgA&pp=ygUFQmluZ3g%3D
17000.0: https://www.youtube.com/watch?v=0MXCbdBPvgA&pp=ygUFQmluZ3g%3D",Bingx
twakash,34000.0,en,"17000.0: https://www.youtube.com/watch?v=0MXCbdBPvgA&pp=ygUFQmluZ3g%3D
17000.0: https://www.youtube.com/watch?v=0MXCbdBPvgA&pp=ygUFQmluZ3g%3D",Bingx
bingxbangla,34000.0,en,"17000.0: https://www.youtube.com/watch?v=0MXCbdBPvgA&pp=ygUFQmluZ3g%3D
17000.0: https://www.youtube.com/watch?v=0MXCbdBPvgA&pp=ygUFQmluZ3g%3D",Bingx
bingxaccountcreatebangla,34000.0,en,"17000.0: https://www.youtube.com/watch?v=0MXCbdBPvgA&pp=ygUFQmluZ3g%3D
17000.0: https://www.youtube.com/watch?v=0MXCbdBPvgA&pp=ygUFQmluZ3g%3D",Bingx
trading_with_akash,34000.0,en,"17000.0: https://www.youtube.com/watch?v=0MXCbdBPvgA&pp=ygUFQmluZ3g%3D
17000.0: https://www.youtube.com/watch?v=0MXCbdBPvgA&pp=ygUFQmluZ3g%3D",Bingx
bingxkyc,34000.0,en,"17000.0: https://www.youtube.com/watch?v=0MXCbdBPvgA&pp=ygUFQmluZ3g%3D
17000.0: https://www.youtube.com/watch?v=0MXCbdBPvgA&pp=ygUFQmluZ3g%3D",Bingx
btc,32544.0,en,"18000.0: https://www.youtube.com/watch?v=EUjphHKvp7k&pp=ygUFQmluZ3g%3D
13000.0: https://www.youtube.com/watch?v=5_KzixDBFXk&pp=ygUFQmluZ3g%3D
9360.0: https://www.youtube.com/watch?v=ZGmXRBT5u4A&pp=ygUFQmluZ3g%3D",Bingx
altcoins,28325.0,en,"10000.0: https://www.youtube.com/watch?v=3IJOhfGTBos&pp=ygUFQmluZ3g%3D
8247.0: https://www.youtube.com/watch?v=nGaD5UTpI_c&pp=ygUFQmluZ3g%3D
6794.0: https://www.youtube.com/watch?v=5iBIeBAW3zU&pp=ygUFQmluZ3g%3D",Bingx
詐騙,28000.0,zh,"14000.0: https://www.youtube.com/watch?v=w46fSBGMTXk&pp=ygUFQmluZ3g%3D
14000.0: https://www.youtube.com/watch?v=w46fSBGMTXk&pp=ygUFQmluZ3g%3D",Bingx
IAdmitIt,28000.0,en,28000.0: https://www.youtube.com/watch?v=49vNMPN9yXI&pp=ygUFQmluZ3g%3D,Bingx
btclive,27360.0,en,"18000.0: https://www.youtube.com/watch?v=EUjphHKvp7k&pp=ygUFQmluZ3g%3D
9360.0: https://www.youtube.com/watch?v=ZGmXRBT5u4A&pp=ygUFQmluZ3g%3D",Bingx
solana,26855.0,en,"10000.0: https://www.youtube.com/watch?v=3IJOhfGTBos&pp=ygUFQmluZ3g%3D
6794.0: https://www.youtube.com/watch?v=5iBIeBAW3zU&pp=ygUFQmluZ3g%3D
6777.0: https://www.youtube.com/watch?v=DAzlPPgDsXc&pp=ygUFQmluZ3g%3D",Bingx
stockmarket,26016.0,en,"26000.0: https://www.youtube.com/watch?v=iDGmq92hUCs&pp=ygUFQmluZ3g%3D
434.0: https://www.youtube.com/watch?v=WRuh0SYJ4L4&pp=ygUFQmluZ3g%3D
16.0: https://www.youtube.com/watch?v=xOLLltoqTlU&pp=ygUFQmluZ3g%3D",Bingx
kerala,26000.0,en,26000.0: https://www.youtube.com/watch?v=iDGmq92hUCs&pp=ygUFQmluZ3g%3D,Bingx
malayalam,26000.0,tr,26000.0: https://www.youtube.com/watch?v=iDGmq92hUCs&pp=ygUFQmluZ3g%3D,Bingx
trending,26000.0,en,26000.0: https://www.youtube.com/watch?v=iDGmq92hUCs&pp=ygUFQmluZ3g%3D,Bingx
биржа,26000.0,mn,"26000.0: https://www.youtube.com/watch?v=ocf22aiSqUU&pp=ygUFQmluZ3g%3D
2368.0: https://www.youtube.com/watch?v=8ZQ8VnyZGqE&pp=ygUFQmluZ3g%3D",Bingx
бонус,26000.0,mn,"26000.0: https://www.youtube.com/watch?v=ocf22aiSqUU&pp=ygUFQmluZ3g%3D
2368.0: https://www.youtube.com/watch?v=8ZQ8VnyZGqE&pp=ygUFQmluZ3g%3D",Bingx
marketanalysis,25000.0,es,25000.0: https://www.youtube.com/watch?v=FalNyePtDEc&pp=ygUFQmluZ3g%3D,Bingx
archielim,24000.0,en,"12000.0: https://www.youtube.com/watch?v=MNprlB5TaAE&pp=ygUFQmluZ3g%3D
12000.0: https://www.youtube.com/watch?v=MNprlB5TaAE&pp=ygUFQmluZ3g%3D",Bingx
輕易的來嘗試此項目,23811.0,zh,"7937.0: https://www.youtube.com/watch?v=MBjb0BhNRus&pp=ygUFQmluZ3g%3D
7937.0: https://www.youtube.com/watch?v=MBjb0BhNRus&pp=ygUFQmluZ3g%3D
7937.0: https://www.youtube.com/watch?v=MBjb0BhNRus&pp=ygUFQmluZ3g%3D",Bingx
也不建議虛擬貨幣新手,23811.0,zh,"7937.0: https://www.youtube.com/watch?v=MBjb0BhNRus&pp=ygUFQmluZ3g%3D
7937.0: https://www.youtube.com/watch?v=MBjb0BhNRus&pp=ygUFQmluZ3g%3D
7937.0: https://www.youtube.com/watch?v=MBjb0BhNRus&pp=ygUFQmluZ3g%3D",Bingx
此影片不構成投資建議,23811.0,zh,"7937.0: https://www.youtube.com/watch?v=MBjb0BhNRus&pp=ygUFQmluZ3g%3D
7937.0: https://www.youtube.com/watch?v=MBjb0BhNRus&pp=ygUFQmluZ3g%3D
7937.0: https://www.youtube.com/watch?v=MBjb0BhNRus&pp=ygUFQmluZ3g%3D",Bingx
bingxbuysell,23742.0,en,"10000.0: https://www.youtube.com/watch?v=zhAxvTplyqI&pp=ygUFQmluZ3g%3D
9264.0: https://www.youtube.com/watch?v=FZ5ANePUX_U&pp=ygUFQmluZ3g%3D
4478.0: https://www.youtube.com/watch?v=5WMZhejXTdg&pp=ygUFQmluZ3g%3D",Bingx
invest,23710.0,en,"13000.0: https://www.youtube.com/watch?v=5_KzixDBFXk&pp=ygUFQmluZ3g%3D
12000.0: https://www.youtube.com/watch?v=pvhBqoGi90s&pp=ygUFQmluZ3g%3D
10000.0: https://www.youtube.com/watch?v=3IJOhfGTBos&pp=ygUFQmluZ3g%3D",Bingx
forex,23680.0,en,"15000.0: https://www.youtube.com/watch?v=rUwIned1SIY&pp=ygUFQmluZ3g%3D
8664.0: https://www.youtube.com/watch?v=k8qHotRAkVg&pp=ygUFQmluZ3g%3D
16.0: https://www.youtube.com/watch?v=xOLLltoqTlU&pp=ygUFQmluZ3g%3D",Bingx
bitcoinnews,21568.0,en,"6794.0: https://www.youtube.com/watch?v=5iBIeBAW3zU&pp=ygUFQmluZ3g%3D
3696.0: https://www.youtube.com/watch?v=00WQa1n9c0w&pp=ygUFQmluZ3g%3D
3284.0: https://www.youtube.com/watch?v=ujYPWrQO0GQ&pp=ygUFQmluZ3g%3D",Bingx
cryptocurrencynews,21568.0,en,"6794.0: https://www.youtube.com/watch?v=5iBIeBAW3zU&pp=ygUFQmluZ3g%3D
3696.0: https://www.youtube.com/watch?v=00WQa1n9c0w&pp=ygUFQmluZ3g%3D
3284.0: https://www.youtube.com/watch?v=ujYPWrQO0GQ&pp=ygUFQmluZ3g%3D",Bingx
grid,20209.0,en,"16000.0: https://www.youtube.com/watch?v=XOAEhEbKwso&pp=ygUFQmluZ3g%3D
4209.0: https://www.youtube.com/watch?v=LdkGDolCK-s&pp=ygUFQmluZ3g%3D",Bingx
幣圈,19982.0,zh,"9360.0: https://www.youtube.com/watch?v=ZGmXRBT5u4A&pp=ygUFQmluZ3g%3D
5311.0: https://www.youtube.com/watch?v=ARMAUV5s9vo&pp=ygUFQmluZ3g%3D
5311.0: https://www.youtube.com/watch?v=ARMAUV5s9vo&pp=ygUFQmluZ3g%3D",Bingx
luna,19360.0,es,"10000.0: https://www.youtube.com/watch?v=3IJOhfGTBos&pp=ygUFQmluZ3g%3D
9360.0: https://www.youtube.com/watch?v=ZGmXRBT5u4A&pp=ygUFQmluZ3g%3D",Bingx
CryptoTrading,19320.0,en,"5473.0: https://www.youtube.com/watch?v=wXr-AcOj5_o&pp=ygUFQmluZ3g%3D
4629.0: https://www.youtube.com/watch?v=Db6OTnrcZB4&pp=ygUFQmluZ3g%3D
4628.0: https://www.youtube.com/watch?v=Db6OTnrcZB4&pp=ygUFQmluZ3g%3D",Bingx
eth,19046.0,en,"78000.0: https://www.youtube.com/watch?v=-j23a6tJGkQ&pp=ygUFQmluZ3g%3D
15000.0: https://www.youtube.com/watch?v=rUwIned1SIY&pp=ygUFQmluZ3g%3D
13000.0: https://www.youtube.com/watch?v=5_KzixDBFXk&pp=ygUFQmluZ3g%3D",Bingx
跟单,18000.0,zh,18000.0: https://www.youtube.com/watch?v=Rs8xS5ZmMtw&pp=ygUFQmluZ3g%3D,Bingx
Bing,18000.0,en,"1790000.0: https://www.youtube.com/watch?v=M9KLVjXmfjU&pp=ygUFQmluZ3g%3D
460000.0: https://www.youtube.com/watch?v=qYovRdLh5uY&pp=ygUFQmluZ3g%3D
460000.0: https://www.youtube.com/watch?v=MGNB0Tchbqc&pp=ygUFQmluZ3g%3D",Bingx
加密货币,18000.0,zh,18000.0: https://www.youtube.com/watch?v=Rs8xS5ZmMtw&pp=ygUFQmluZ3g%3D,Bingx
crudeoillivetrading,18000.0,en,18000.0: https://www.youtube.com/watch?v=EUjphHKvp7k&pp=ygUFQmluZ3g%3D,Bingx
cryptolive,18000.0,en,18000.0: https://www.youtube.com/watch?v=EUjphHKvp7k&pp=ygUFQmluZ3g%3D,Bingx
doge,17576.0,en,"10000.0: https://www.youtube.com/watch?v=3IJOhfGTBos&pp=ygUFQmluZ3g%3D
9360.0: https://www.youtube.com/watch?v=ZGmXRBT5u4A&pp=ygUFQmluZ3g%3D
6777.0: https://www.youtube.com/watch?v=DAzlPPgDsXc&pp=ygUFQmluZ3g%3D",Bingx
cryptocrash,16284.0,en,"13000.0: https://www.youtube.com/watch?v=5_KzixDBFXk&pp=ygUFQmluZ3g%3D
3284.0: https://www.youtube.com/watch?v=ujYPWrQO0GQ&pp=ygUFQmluZ3g%3D",Bingx
bingxtutorial,16097.0,es,"8247.0: https://www.youtube.com/watch?v=nGaD5UTpI_c&pp=ygUFQmluZ3g%3D
7712.0: https://www.youtube.com/watch?v=nIkTfXiY_mM&pp=ygUFQmluZ3g%3D
82.0: https://www.youtube.com/watch?v=KeQ8D3EZRsU&pp=ygUFQmluZ3g%3D",Bingx
tobeexpert,15257.0,en,"10000.0: https://www.youtube.com/watch?v=btnItRpMzR8&pp=ygUFQmluZ3g%3D
5257.0: https://www.youtube.com/watch?v=BPfFncgfy9I&pp=ygUFQmluZ3g%3D",Bingx
cryptowendyo,15000.0,en,15000.0: https://www.youtube.com/watch?v=rUwIned1SIY&pp=ygUFQmluZ3g%3D,Bingx
profit,15000.0,en,15000.0: https://www.youtube.com/watch?v=rUwIned1SIY&pp=ygUFQmluZ3g%3D,Bingx
bingxcopytrading,14596.0,en,"10000.0: https://www.youtube.com/watch?v=zhAxvTplyqI&pp=ygUFQmluZ3g%3D
4478.0: https://www.youtube.com/watch?v=5WMZhejXTdg&pp=ygUFQmluZ3g%3D
118.0: https://www.youtube.com/watch?v=pMg8NY64boI&pp=ygUFQmluZ3g%3D",Bingx
deltaexchangeindiatipsandtrick,13458.0,de,"7139.0: https://www.youtube.com/watch?v=MFZs9nd97Rs&pp=ygUFQmluZ3g%3D
6319.0: https://www.youtube.com/watch?v=Q3yPYMEMtM0&pp=ygUFQmluZ3g%3D",Bingx
gold,13458.0,it,"7139.0: https://www.youtube.com/watch?v=MFZs9nd97Rs&pp=ygUFQmluZ3g%3D
6319.0: https://www.youtube.com/watch?v=Q3yPYMEMtM0&pp=ygUFQmluZ3g%3D",Bingx
livetipsandtricks,13458.0,da,"7139.0: https://www.youtube.com/watch?v=MFZs9nd97Rs&pp=ygUFQmluZ3g%3D
6319.0: https://www.youtube.com/watch?v=Q3yPYMEMtM0&pp=ygUFQmluZ3g%3D",Bingx
deltaexchangeindia,13458.0,de,"7139.0: https://www.youtube.com/watch?v=MFZs9nd97Rs&pp=ygUFQmluZ3g%3D
6319.0: https://www.youtube.com/watch?v=Q3yPYMEMtM0&pp=ygUFQmluZ3g%3D",Bingx
deltaexchangeindiahighlights,13458.0,fi,"7139.0: https://www.youtube.com/watch?v=MFZs9nd97Rs&pp=ygUFQmluZ3g%3D
6319.0: https://www.youtube.com/watch?v=Q3yPYMEMtM0&pp=ygUFQmluZ3g%3D",Bingx
deltaexchangeindialive,13458.0,de,"7139.0: https://www.youtube.com/watch?v=MFZs9nd97Rs&pp=ygUFQmluZ3g%3D
6319.0: https://www.youtube.com/watch?v=Q3yPYMEMtM0&pp=ygUFQmluZ3g%3D",Bingx
deltaexchangeindiavideo,13458.0,de,"7139.0: https://www.youtube.com/watch?v=MFZs9nd97Rs&pp=ygUFQmluZ3g%3D
6319.0: https://www.youtube.com/watch?v=Q3yPYMEMtM0&pp=ygUFQmluZ3g%3D",Bingx
youtuber,13458.0,en,"7139.0: https://www.youtube.com/watch?v=MFZs9nd97Rs&pp=ygUFQmluZ3g%3D
6319.0: https://www.youtube.com/watch?v=Q3yPYMEMtM0&pp=ygUFQmluZ3g%3D",Bingx
gamingvideos,13458.0,en,"7139.0: https://www.youtube.com/watch?v=MFZs9nd97Rs&pp=ygUFQmluZ3g%3D
6319.0: https://www.youtube.com/watch?v=Q3yPYMEMtM0&pp=ygUFQmluZ3g%3D",Bingx
BTC,13422.0,en,"3696.0: https://www.youtube.com/watch?v=00WQa1n9c0w&pp=ygUFQmluZ3g%3D
3151.0: https://www.youtube.com/watch?v=L550np57Haw&pp=ygUFQmluZ3g%3D
3151.0: https://www.youtube.com/watch?v=L550np57Haw&pp=ygUFQmluZ3g%3D",Bingx
topcryptocoin,13284.0,en,"10000.0: https://www.youtube.com/watch?v=3IJOhfGTBos&pp=ygUFQmluZ3g%3D
3284.0: https://www.youtube.com/watch?v=ujYPWrQO0GQ&pp=ygUFQmluZ3g%3D",Bingx
Crash,13000.0,en,13000.0: https://www.youtube.com/watch?v=5_KzixDBFXk&pp=ygUFQmluZ3g%3D,Bingx
portfolio,13000.0,it,13000.0: https://www.youtube.com/watch?v=5_KzixDBFXk&pp=ygUFQmluZ3g%3D,Bingx
bitvavo,13000.0,en,13000.0: https://www.youtube.com/watch?v=5_KzixDBFXk&pp=ygUFQmluZ3g%3D,Bingx
investieren,13000.0,de,13000.0: https://www.youtube.com/watch?v=5_KzixDBFXk&pp=ygUFQmluZ3g%3D,Bingx
Bullrun,13000.0,de,13000.0: https://www.youtube.com/watch?v=5_KzixDBFXk&pp=ygUFQmluZ3g%3D,Bingx
bitcoincharts,13000.0,en,13000.0: https://www.youtube.com/watch?v=5_KzixDBFXk&pp=ygUFQmluZ3g%3D,Bingx
Altcoins,13000.0,en,13000.0: https://www.youtube.com/watch?v=5_KzixDBFXk&pp=ygUFQmluZ3g%3D,Bingx
kryptonews,13000.0,en,13000.0: https://www.youtube.com/watch?v=5_KzixDBFXk&pp=ygUFQmluZ3g%3D,Bingx
Cointracking,13000.0,en,13000.0: https://www.youtube.com/watch?v=5_KzixDBFXk&pp=ygUFQmluZ3g%3D,Bingx
MEXC_Deutsch,13000.0,de,13000.0: https://www.youtube.com/watch?v=5_KzixDBFXk&pp=ygUFQmluZ3g%3D,Bingx
bärenmarkt,13000.0,sv,13000.0: https://www.youtube.com/watch?v=5_KzixDBFXk&pp=ygUFQmluZ3g%3D,Bingx
kryptowährungsnews,13000.0,de,13000.0: https://www.youtube.com/watch?v=5_KzixDBFXk&pp=ygUFQmluZ3g%3D,Bingx
german,13000.0,en,13000.0: https://www.youtube.com/watch?v=5_KzixDBFXk&pp=ygUFQmluZ3g%3D,Bingx
tekn,13000.0,en,13000.0: https://www.youtube.com/watch?v=5_KzixDBFXk&pp=ygUFQmluZ3g%3D,Bingx
Krypto,13000.0,en,13000.0: https://www.youtube.com/watch?v=5_KzixDBFXk&pp=ygUFQmluZ3g%3D,Bingx
tutorial,13000.0,es,"13000.0: https://www.youtube.com/watch?v=5_KzixDBFXk&pp=ygUFQmluZ3g%3D
10000.0: https://www.youtube.com/watch?v=btnItRpMzR8&pp=ygUFQmluZ3g%3D
8247.0: https://www.youtube.com/watch?v=nGaD5UTpI_c&pp=ygUFQmluZ3g%3D",Bingx
Deutsch,13000.0,de,13000.0: https://www.youtube.com/watch?v=5_KzixDBFXk&pp=ygUFQmluZ3g%3D,Bingx
pump,13000.0,en,"13000.0: https://www.youtube.com/watch?v=5_KzixDBFXk&pp=ygUFQmluZ3g%3D
3284.0: https://www.youtube.com/watch?v=ujYPWrQO0GQ&pp=ygUFQmluZ3g%3D",Bingx
HODL,13000.0,en,13000.0: https://www.youtube.com/watch?v=5_KzixDBFXk&pp=ygUFQmluZ3g%3D,Bingx
Taikin,13000.0,lt,13000.0: https://www.youtube.com/watch?v=5_KzixDBFXk&pp=ygUFQmluZ3g%3D,Bingx
krypto,13000.0,en,13000.0: https://www.youtube.com/watch?v=5_KzixDBFXk&pp=ygUFQmluZ3g%3D,Bingx
Taikn,13000.0,lt,13000.0: https://www.youtube.com/watch?v=5_KzixDBFXk&pp=ygUFQmluZ3g%3D,Bingx
CryptoNews,11678.0,en,"3696.0: https://www.youtube.com/watch?v=00WQa1n9c0w&pp=ygUFQmluZ3g%3D
3151.0: https://www.youtube.com/watch?v=L550np57Haw&pp=ygUFQmluZ3g%3D
3151.0: https://www.youtube.com/watch?v=L550np57Haw&pp=ygUFQmluZ3g%3D",Bingx
bitcoins,11490.0,en,"3696.0: https://www.youtube.com/watch?v=00WQa1n9c0w&pp=ygUFQmluZ3g%3D
3151.0: https://www.youtube.com/watch?v=L550np57Haw&pp=ygUFQmluZ3g%3D
3151.0: https://www.youtube.com/watch?v=L550np57Haw&pp=ygUFQmluZ3g%3D",Bingx
cryptocurrencies,11490.0,es,"3696.0: https://www.youtube.com/watch?v=00WQa1n9c0w&pp=ygUFQmluZ3g%3D
3151.0: https://www.youtube.com/watch?v=L550np57Haw&pp=ygUFQmluZ3g%3D
3151.0: https://www.youtube.com/watch?v=L550np57Haw&pp=ygUFQmluZ3g%3D",Bingx
Cryptoban,11490.0,en,"3696.0: https://www.youtube.com/watch?v=00WQa1n9c0w&pp=ygUFQmluZ3g%3D
3151.0: https://www.youtube.com/watch?v=L550np57Haw&pp=ygUFQmluZ3g%3D
3151.0: https://www.youtube.com/watch?v=L550np57Haw&pp=ygUFQmluZ3g%3D",Bingx
makemoneyonline,11490.0,en,"3696.0: https://www.youtube.com/watch?v=00WQa1n9c0w&pp=ygUFQmluZ3g%3D
3151.0: https://www.youtube.com/watch?v=L550np57Haw&pp=ygUFQmluZ3g%3D
3151.0: https://www.youtube.com/watch?v=L550np57Haw&pp=ygUFQmluZ3g%3D",Bingx
dishantchaudhary,11490.0,de,"3696.0: https://www.youtube.com/watch?v=00WQa1n9c0w&pp=ygUFQmluZ3g%3D
3151.0: https://www.youtube.com/watch?v=L550np57Haw&pp=ygUFQmluZ3g%3D
3151.0: https://www.youtube.com/watch?v=L550np57Haw&pp=ygUFQmluZ3g%3D",Bingx
Cryptoindia,11490.0,fi,"3696.0: https://www.youtube.com/watch?v=00WQa1n9c0w&pp=ygUFQmluZ3g%3D
3151.0: https://www.youtube.com/watch?v=L550np57Haw&pp=ygUFQmluZ3g%3D
3151.0: https://www.youtube.com/watch?v=L550np57Haw&pp=ygUFQmluZ3g%3D",Bingx
cryptonewstoday,11034.0,en,"10000.0: https://www.youtube.com/watch?v=3IJOhfGTBos&pp=ygUFQmluZ3g%3D
1034.0: https://www.youtube.com/watch?v=-1r-2U_ZM3k&pp=ygUFQmluZ3g%3D",Bingx
以太幣,10799.0,zh,"9360.0: https://www.youtube.com/watch?v=ZGmXRBT5u4A&pp=ygUFQmluZ3g%3D
1439.0: https://www.youtube.com/watch?v=7T7h_ZuR5d0&pp=ygUFQmluZ3g%3D",Bingx
以太坊,10799.0,zh,"9360.0: https://www.youtube.com/watch?v=ZGmXRBT5u4A&pp=ygUFQmluZ3g%3D
1439.0: https://www.youtube.com/watch?v=7T7h_ZuR5d0&pp=ygUFQmluZ3g%3D",Bingx
數字貨幣,10799.0,zh,"9360.0: https://www.youtube.com/watch?v=ZGmXRBT5u4A&pp=ygUFQmluZ3g%3D
1439.0: https://www.youtube.com/watch?v=7T7h_ZuR5d0&pp=ygUFQmluZ3g%3D",Bingx
比特幣,10799.0,zh,"9360.0: https://www.youtube.com/watch?v=ZGmXRBT5u4A&pp=ygUFQmluZ3g%3D
1439.0: https://www.youtube.com/watch?v=7T7h_ZuR5d0&pp=ygUFQmluZ3g%3D",Bingx
合約,10799.0,zh,"9360.0: https://www.youtube.com/watch?v=ZGmXRBT5u4A&pp=ygUFQmluZ3g%3D
5311.0: https://www.youtube.com/watch?v=ARMAUV5s9vo&pp=ygUFQmluZ3g%3D
5311.0: https://www.youtube.com/watch?v=ARMAUV5s9vo&pp=ygUFQmluZ3g%3D",Bingx
sol,10799.0,en,"10000.0: https://www.youtube.com/watch?v=3IJOhfGTBos&pp=ygUFQmluZ3g%3D
9360.0: https://www.youtube.com/watch?v=ZGmXRBT5u4A&pp=ygUFQmluZ3g%3D
6794.0: https://www.youtube.com/watch?v=5iBIeBAW3zU&pp=ygUFQmluZ3g%3D",Bingx
狗狗幣,10799.0,zh,"9360.0: https://www.youtube.com/watch?v=ZGmXRBT5u4A&pp=ygUFQmluZ3g%3D
1439.0: https://www.youtube.com/watch?v=7T7h_ZuR5d0&pp=ygUFQmluZ3g%3D",Bingx
BingX合約,10622.0,zh,"5311.0: https://www.youtube.com/watch?v=ARMAUV5s9vo&pp=ygUFQmluZ3g%3D
5311.0: https://www.youtube.com/watch?v=ARMAUV5s9vo&pp=ygUFQmluZ3g%3D",Bingx
BingX入金,10622.0,zh,"5311.0: https://www.youtube.com/watch?v=ARMAUV5s9vo&pp=ygUFQmluZ3g%3D
5311.0: https://www.youtube.com/watch?v=ARMAUV5s9vo&pp=ygUFQmluZ3g%3D",Bingx
加密貨幣入門,10622.0,zh,"5311.0: https://www.youtube.com/watch?v=ARMAUV5s9vo&pp=ygUFQmluZ3g%3D
5311.0: https://www.youtube.com/watch?v=ARMAUV5s9vo&pp=ygUFQmluZ3g%3D",Bingx
BingX出金,10622.0,zh,"5311.0: https://www.youtube.com/watch?v=ARMAUV5s9vo&pp=ygUFQmluZ3g%3D
5311.0: https://www.youtube.com/watch?v=ARMAUV5s9vo&pp=ygUFQmluZ3g%3D",Bingx
BingX註冊,10622.0,zh,"5311.0: https://www.youtube.com/watch?v=ARMAUV5s9vo&pp=ygUFQmluZ3g%3D
5311.0: https://www.youtube.com/watch?v=ARMAUV5s9vo&pp=ygUFQmluZ3g%3D",Bingx
幣圈新手,10622.0,zh,"5311.0: https://www.youtube.com/watch?v=ARMAUV5s9vo&pp=ygUFQmluZ3g%3D
5311.0: https://www.youtube.com/watch?v=ARMAUV5s9vo&pp=ygUFQmluZ3g%3D",Bingx
BingX教學,10622.0,zh,"5311.0: https://www.youtube.com/watch?v=ARMAUV5s9vo&pp=ygUFQmluZ3g%3D
5311.0: https://www.youtube.com/watch?v=ARMAUV5s9vo&pp=ygUFQmluZ3g%3D",Bingx
加密貨幣投資,10622.0,zh,"5311.0: https://www.youtube.com/watch?v=ARMAUV5s9vo&pp=ygUFQmluZ3g%3D
5311.0: https://www.youtube.com/watch?v=ARMAUV5s9vo&pp=ygUFQmluZ3g%3D",Bingx
bullrun,10078.0,de,"6794.0: https://www.youtube.com/watch?v=5iBIeBAW3zU&pp=ygUFQmluZ3g%3D
3284.0: https://www.youtube.com/watch?v=ujYPWrQO0GQ&pp=ygUFQmluZ3g%3D",Bingx
blackrock,10078.0,en,"6794.0: https://www.youtube.com/watch?v=5iBIeBAW3zU&pp=ygUFQmluZ3g%3D
3284.0: https://www.youtube.com/watch?v=ujYPWrQO0GQ&pp=ygUFQmluZ3g%3D",Bingx
altcoinsnews,10078.0,en,"6794.0: https://www.youtube.com/watch?v=5iBIeBAW3zU&pp=ygUFQmluZ3g%3D
3284.0: https://www.youtube.com/watch?v=ujYPWrQO0GQ&pp=ygUFQmluZ3g%3D",Bingx
bitcoinetf,10078.0,en,"6794.0: https://www.youtube.com/watch?v=5iBIeBAW3zU&pp=ygUFQmluZ3g%3D
3284.0: https://www.youtube.com/watch?v=ujYPWrQO0GQ&pp=ygUFQmluZ3g%3D",Bingx
bitgertbrise,10000.0,nl,10000.0: https://www.youtube.com/watch?v=3IJOhfGTBos&pp=ygUFQmluZ3g%3D,Bingx
artificialintelligence,10000.0,da,10000.0: https://www.youtube.com/watch?v=3IJOhfGTBos&pp=ygUFQmluZ3g%3D,Bingx
top10coins,10000.0,en,10000.0: https://www.youtube.com/watch?v=3IJOhfGTBos&pp=ygUFQmluZ3g%3D,Bingx
babydogecoin,10000.0,en,10000.0: https://www.youtube.com/watch?v=3IJOhfGTBos&pp=ygUFQmluZ3g%3D,Bingx
aptospriceprediction,10000.0,sl,10000.0: https://www.youtube.com/watch?v=3IJOhfGTBos&pp=ygUFQmluZ3g%3D,Bingx
solanacoin,10000.0,en,10000.0: https://www.youtube.com/watch?v=3IJOhfGTBos&pp=ygUFQmluZ3g%3D,Bingx
solanacrypto,10000.0,en,10000.0: https://www.youtube.com/watch?v=3IJOhfGTBos&pp=ygUFQmluZ3g%3D,Bingx
lunccrypto,10000.0,en,10000.0: https://www.youtube.com/watch?v=3IJOhfGTBos&pp=ygUFQmluZ3g%3D,Bingx
chatgpt,10000.0,en,10000.0: https://www.youtube.com/watch?v=3IJOhfGTBos&pp=ygUFQmluZ3g%3D,Bingx
metaversecrypto,10000.0,en,10000.0: https://www.youtube.com/watch?v=3IJOhfGTBos&pp=ygUFQmluZ3g%3D,Bingx
babydogeelonmusk,10000.0,nl,10000.0: https://www.youtube.com/watch?v=3IJOhfGTBos&pp=ygUFQmluZ3g%3D,Bingx
aicrypto,10000.0,en,10000.0: https://www.youtube.com/watch?v=3IJOhfGTBos&pp=ygUFQmluZ3g%3D,Bingx
aptoscoin,10000.0,en,10000.0: https://www.youtube.com/watch?v=3IJOhfGTBos&pp=ygUFQmluZ3g%3D,Bingx
sandbox,10000.0,en,10000.0: https://www.youtube.com/watch?v=3IJOhfGTBos&pp=ygUFQmluZ3g%3D,Bingx
aicoins,10000.0,en,10000.0: https://www.youtube.com/watch?v=3IJOhfGTBos&pp=ygUFQmluZ3g%3D,Bingx
aptoscrypto,10000.0,en,10000.0: https://www.youtube.com/watch?v=3IJOhfGTBos&pp=ygUFQmluZ3g%3D,Bingx
bestcryptocurrencytoinvest,10000.0,fr,10000.0: https://www.youtube.com/watch?v=3IJOhfGTBos&pp=ygUFQmluZ3g%3D,Bingx
memecoin,10000.0,en,10000.0: https://www.youtube.com/watch?v=3IJOhfGTBos&pp=ygUFQmluZ3g%3D,Bingx
shibainucoin,10000.0,en,10000.0: https://www.youtube.com/watch?v=3IJOhfGTBos&pp=ygUFQmluZ3g%3D,Bingx
lunccoin,10000.0,en,10000.0: https://www.youtube.com/watch?v=3IJOhfGTBos&pp=ygUFQmluZ3g%3D,Bingx
top5crypto,10000.0,en,10000.0: https://www.youtube.com/watch?v=3IJOhfGTBos&pp=ygUFQmluZ3g%3D,Bingx
elonmusk,10000.0,en,10000.0: https://www.youtube.com/watch?v=3IJOhfGTBos&pp=ygUFQmluZ3g%3D,Bingx
ai,10000.0,en,"13000.0: https://www.youtube.com/watch?v=5_KzixDBFXk&pp=ygUFQmluZ3g%3D
10000.0: https://www.youtube.com/watch?v=3IJOhfGTBos&pp=ygUFQmluZ3g%3D
8247.0: https://www.youtube.com/watch?v=nGaD5UTpI_c&pp=ygUFQmluZ3g%3D",Bingx
gala,10000.0,en,10000.0: https://www.youtube.com/watch?v=3IJOhfGTBos&pp=ygUFQmluZ3g%3D,Bingx
aptos,10000.0,en,10000.0: https://www.youtube.com/watch?v=3IJOhfGTBos&pp=ygUFQmluZ3g%3D,Bingx
bingxexchangetutorial,10000.0,es,10000.0: https://www.youtube.com/watch?v=btnItRpMzR8&pp=ygUFQmluZ3g%3D,Bingx
createaccount,10000.0,en,"10000.0: https://www.youtube.com/watch?v=btnItRpMzR8&pp=ygUFQmluZ3g%3D
57.0: https://www.youtube.com/watch?v=h5NQl6X7TpA&pp=ygUFQmluZ3g%3D",Bingx
CopyTrading,9862.0,en,9862.0: https://www.youtube.com/watch?v=z7_UMb8w90Q&pp=ygUFQmluZ3g%3D,Bingx
Passiveincome,9862.0,de,9862.0: https://www.youtube.com/watch?v=z7_UMb8w90Q&pp=ygUFQmluZ3g%3D,Bingx
比特幣交易平台,9360.0,zh,9360.0: https://www.youtube.com/watch?v=ZGmXRBT5u4A&pp=ygUFQmluZ3g%3D,Bingx
中本聰,9360.0,zh,9360.0: https://www.youtube.com/watch?v=ZGmXRBT5u4A&pp=ygUFQmluZ3g%3D,Bingx
avax,9360.0,en,9360.0: https://www.youtube.com/watch?v=ZGmXRBT5u4A&pp=ygUFQmluZ3g%3D,Bingx
李佛摩,9360.0,zh,9360.0: https://www.youtube.com/watch?v=ZGmXRBT5u4A&pp=ygUFQmluZ3g%3D,Bingx
比特幣是什麼,9360.0,zh,9360.0: https://www.youtube.com/watch?v=ZGmXRBT5u4A&pp=ygUFQmluZ3g%3D,Bingx
比特幣走勢,9360.0,zh,9360.0: https://www.youtube.com/watch?v=ZGmXRBT5u4A&pp=ygUFQmluZ3g%3D,Bingx
比特幣合約,9360.0,zh,9360.0: https://www.youtube.com/watch?v=ZGmXRBT5u4A&pp=ygUFQmluZ3g%3D,Bingx
比特币减半2024,9360.0,zh,9360.0: https://www.youtube.com/watch?v=ZGmXRBT5u4A&pp=ygUFQmluZ3g%3D,Bingx
自然交易理論,9360.0,zh,9360.0: https://www.youtube.com/watch?v=ZGmXRBT5u4A&pp=ygUFQmluZ3g%3D,Bingx
做空,9360.0,zh,9360.0: https://www.youtube.com/watch?v=ZGmXRBT5u4A&pp=ygUFQmluZ3g%3D,Bingx
btcupdatetoday,9360.0,en,9360.0: https://www.youtube.com/watch?v=ZGmXRBT5u4A&pp=ygUFQmluZ3g%3D,Bingx
比特幣期權,9360.0,zh,9360.0: https://www.youtube.com/watch?v=ZGmXRBT5u4A&pp=ygUFQmluZ3g%3D,Bingx
技術分析,9360.0,zh,9360.0: https://www.youtube.com/watch?v=ZGmXRBT5u4A&pp=ygUFQmluZ3g%3D,Bingx
提阿非羅大人,9360.0,zh,9360.0: https://www.youtube.com/watch?v=ZGmXRBT5u4A&pp=ygUFQmluZ3g%3D,Bingx
btcpriceprediction,9360.0,sl,9360.0: https://www.youtube.com/watch?v=ZGmXRBT5u4A&pp=ygUFQmluZ3g%3D,Bingx
大作手回憶錄,9360.0,zh,9360.0: https://www.youtube.com/watch?v=ZGmXRBT5u4A&pp=ygUFQmluZ3g%3D,Bingx
美聯儲,9360.0,zh,9360.0: https://www.youtube.com/watch?v=ZGmXRBT5u4A&pp=ygUFQmluZ3g%3D,Bingx
bnb,9360.0,en,9360.0: https://www.youtube.com/watch?v=ZGmXRBT5u4A&pp=ygUFQmluZ3g%3D,Bingx
比特币钱包,9360.0,zh,9360.0: https://www.youtube.com/watch?v=ZGmXRBT5u4A&pp=ygUFQmluZ3g%3D,Bingx
比特幣底部,9360.0,zh,9360.0: https://www.youtube.com/watch?v=ZGmXRBT5u4A&pp=ygUFQmluZ3g%3D,Bingx
江恩理論,9360.0,zh,9360.0: https://www.youtube.com/watch?v=ZGmXRBT5u4A&pp=ygUFQmluZ3g%3D,Bingx
比特幣大跌,9360.0,zh,9360.0: https://www.youtube.com/watch?v=ZGmXRBT5u4A&pp=ygUFQmluZ3g%3D,Bingx
泰達幣,9360.0,zh,9360.0: https://www.youtube.com/watch?v=ZGmXRBT5u4A&pp=ygUFQmluZ3g%3D,Bingx
比特幣錢包,9360.0,zh,9360.0: https://www.youtube.com/watch?v=ZGmXRBT5u4A&pp=ygUFQmluZ3g%3D,Bingx
比特幣挖礦,9360.0,zh,9360.0: https://www.youtube.com/watch?v=ZGmXRBT5u4A&pp=ygUFQmluZ3g%3D,Bingx
tiabtc,9360.0,en,9360.0: https://www.youtube.com/watch?v=ZGmXRBT5u4A&pp=ygUFQmluZ3g%3D,Bingx
tothemoon,9360.0,en,9360.0: https://www.youtube.com/watch?v=ZGmXRBT5u4A&pp=ygUFQmluZ3g%3D,Bingx
tia,9360.0,en,9360.0: https://www.youtube.com/watch?v=ZGmXRBT5u4A&pp=ygUFQmluZ3g%3D,Bingx
比特幣新聞,9360.0,zh,9360.0: https://www.youtube.com/watch?v=ZGmXRBT5u4A&pp=ygUFQmluZ3g%3D,Bingx
比特幣交易,9360.0,zh,9360.0: https://www.youtube.com/watch?v=ZGmXRBT5u4A&pp=ygUFQmluZ3g%3D,Bingx
傑西利弗莫爾,9360.0,zh,9360.0: https://www.youtube.com/watch?v=ZGmXRBT5u4A&pp=ygUFQmluZ3g%3D,Bingx
比特币交易平台,9360.0,zh,9360.0: https://www.youtube.com/watch?v=ZGmXRBT5u4A&pp=ygUFQmluZ3g%3D,Bingx
美股,9360.0,zh,9360.0: https://www.youtube.com/watch?v=ZGmXRBT5u4A&pp=ygUFQmluZ3g%3D,Bingx
dot,9360.0,en,9360.0: https://www.youtube.com/watch?v=ZGmXRBT5u4A&pp=ygUFQmluZ3g%3D,Bingx
xrp,9360.0,en,9360.0: https://www.youtube.com/watch?v=ZGmXRBT5u4A&pp=ygUFQmluZ3g%3D,Bingx
比特幣分析,9360.0,zh,9360.0: https://www.youtube.com/watch?v=ZGmXRBT5u4A&pp=ygUFQmluZ3g%3D,Bingx
比特币大跌,9360.0,zh,9360.0: https://www.youtube.com/watch?v=ZGmXRBT5u4A&pp=ygUFQmluZ3g%3D,Bingx
大餅,9360.0,zh,9360.0: https://www.youtube.com/watch?v=ZGmXRBT5u4A&pp=ygUFQmluZ3g%3D,Bingx
波浪理論,9360.0,zh,9360.0: https://www.youtube.com/watch?v=ZGmXRBT5u4A&pp=ygUFQmluZ3g%3D,Bingx
做多,9360.0,zh,9360.0: https://www.youtube.com/watch?v=ZGmXRBT5u4A&pp=ygUFQmluZ3g%3D,Bingx
ada,9360.0,en,9360.0: https://www.youtube.com/watch?v=ZGmXRBT5u4A&pp=ygUFQmluZ3g%3D,Bingx
比特币新闻,9360.0,zh,9360.0: https://www.youtube.com/watch?v=ZGmXRBT5u4A&pp=ygUFQmluZ3g%3D,Bingx
比特币哥,9360.0,zh,9360.0: https://www.youtube.com/watch?v=ZGmXRBT5u4A&pp=ygUFQmluZ3g%3D,Bingx
比特币挖矿,9360.0,zh,9360.0: https://www.youtube.com/watch?v=ZGmXRBT5u4A&pp=ygUFQmluZ3g%3D,Bingx
道氏理論,9360.0,zh,9360.0: https://www.youtube.com/watch?v=ZGmXRBT5u4A&pp=ygUFQmluZ3g%3D,Bingx
btcnews,9360.0,en,9360.0: https://www.youtube.com/watch?v=ZGmXRBT5u4A&pp=ygUFQmluZ3g%3D,Bingx
套保,9360.0,zh,9360.0: https://www.youtube.com/watch?v=ZGmXRBT5u4A&pp=ygUFQmluZ3g%3D,Bingx
比特币每日分析,9360.0,zh,9360.0: https://www.youtube.com/watch?v=ZGmXRBT5u4A&pp=ygUFQmluZ3g%3D,Bingx
比特币是什么,9360.0,zh,9360.0: https://www.youtube.com/watch?v=ZGmXRBT5u4A&pp=ygUFQmluZ3g%3D,Bingx
比特幣每日分析,9360.0,zh,9360.0: https://www.youtube.com/watch?v=ZGmXRBT5u4A&pp=ygUFQmluZ3g%3D,Bingx
硬件錢包,9360.0,zh,9360.0: https://www.youtube.com/watch?v=ZGmXRBT5u4A&pp=ygUFQmluZ3g%3D,Bingx
比特币合约,9360.0,zh,9360.0: https://www.youtube.com/watch?v=ZGmXRBT5u4A&pp=ygUFQmluZ3g%3D,Bingx
提阿飛羅大人,9360.0,zh,9360.0: https://www.youtube.com/watch?v=ZGmXRBT5u4A&pp=ygUFQmluZ3g%3D,Bingx
btctoday,9360.0,en,9360.0: https://www.youtube.com/watch?v=ZGmXRBT5u4A&pp=ygUFQmluZ3g%3D,Bingx
btcupdate,9360.0,en,9360.0: https://www.youtube.com/watch?v=ZGmXRBT5u4A&pp=ygUFQmluZ3g%3D,Bingx
諧波形態,9360.0,zh,9360.0: https://www.youtube.com/watch?v=ZGmXRBT5u4A&pp=ygUFQmluZ3g%3D,Bingx
uni,9360.0,en,9360.0: https://www.youtube.com/watch?v=ZGmXRBT5u4A&pp=ygUFQmluZ3g%3D,Bingx
比特幣子棋,9360.0,zh,9360.0: https://www.youtube.com/watch?v=ZGmXRBT5u4A&pp=ygUFQmluZ3g%3D,Bingx
比特幣軍長,9360.0,zh,9360.0: https://www.youtube.com/watch?v=ZGmXRBT5u4A&pp=ygUFQmluZ3g%3D,Bingx
比特币今日分析,9360.0,zh,9360.0: https://www.youtube.com/watch?v=ZGmXRBT5u4A&pp=ygUFQmluZ3g%3D,Bingx
比特幣ETF,9360.0,zh,9360.0: https://www.youtube.com/watch?v=ZGmXRBT5u4A&pp=ygUFQmluZ3g%3D,Bingx
比特币军长,9360.0,zh,9360.0: https://www.youtube.com/watch?v=ZGmXRBT5u4A&pp=ygUFQmluZ3g%3D,Bingx
斐波拉契,9360.0,zh,9360.0: https://www.youtube.com/watch?v=ZGmXRBT5u4A&pp=ygUFQmluZ3g%3D,Bingx
抄底,9360.0,zh,9360.0: https://www.youtube.com/watch?v=ZGmXRBT5u4A&pp=ygUFQmluZ3g%3D,Bingx
比特幣今日分析,9360.0,zh,9360.0: https://www.youtube.com/watch?v=ZGmXRBT5u4A&pp=ygUFQmluZ3g%3D,Bingx
比特币走势,9360.0,zh,9360.0: https://www.youtube.com/watch?v=ZGmXRBT5u4A&pp=ygUFQmluZ3g%3D,Bingx
自然交易法,9360.0,zh,9360.0: https://www.youtube.com/watch?v=ZGmXRBT5u4A&pp=ygUFQmluZ3g%3D,Bingx
比特幣減半2024,9360.0,zh,9360.0: https://www.youtube.com/watch?v=ZGmXRBT5u4A&pp=ygUFQmluZ3g%3D,Bingx
investsmart,9257.0,en,"4629.0: https://www.youtube.com/watch?v=Db6OTnrcZB4&pp=ygUFQmluZ3g%3D
4628.0: https://www.youtube.com/watch?v=Db6OTnrcZB4&pp=ygUFQmluZ3g%3D",Bingx
BrokerageFees,9257.0,en,"4629.0: https://www.youtube.com/watch?v=Db6OTnrcZB4&pp=ygUFQmluZ3g%3D
4628.0: https://www.youtube.com/watch?v=Db6OTnrcZB4&pp=ygUFQmluZ3g%3D",Bingx
TechnicalAnalysis,9098.0,en,"8664.0: https://www.youtube.com/watch?v=k8qHotRAkVg&pp=ygUFQmluZ3g%3D
434.0: https://www.youtube.com/watch?v=WRuh0SYJ4L4&pp=ygUFQmluZ3g%3D",Bingx
BINGX_FUND_DEPOSITE,9011.0,en,9011.0: https://www.youtube.com/watch?v=TXuuu0k4GAM&pp=ygUFQmluZ3g%3D,Bingx
BingXScam,8664.0,en,8664.0: https://www.youtube.com/watch?v=k8qHotRAkVg&pp=ygUFQmluZ3g%3D,Bingx
stocks,8664.0,en,8664.0: https://www.youtube.com/watch?v=k8qHotRAkVg&pp=ygUFQmluZ3g%3D,Bingx
EarnwithRashid,8664.0,en,8664.0: https://www.youtube.com/watch?v=k8qHotRAkVg&pp=ygUFQmluZ3g%3D,Bingx
trailingstoploss,8247.0,sv,8247.0: https://www.youtube.com/watch?v=nGaD5UTpI_c&pp=ygUFQmluZ3g%3D,Bingx
SHIB,8216.0,en,"6777.0: https://www.youtube.com/watch?v=DAzlPPgDsXc&pp=ygUFQmluZ3g%3D
1439.0: https://www.youtube.com/watch?v=7T7h_ZuR5d0&pp=ygUFQmluZ3g%3D",Bingx
bingxcrypto,7712.0,en,7712.0: https://www.youtube.com/watch?v=nIkTfXiY_mM&pp=ygUFQmluZ3g%3D,Bingx
futures,7712.0,en,"7712.0: https://www.youtube.com/watch?v=nIkTfXiY_mM&pp=ygUFQmluZ3g%3D
5257.0: https://www.youtube.com/watch?v=BPfFncgfy9I&pp=ygUFQmluZ3g%3D
253.0: https://www.youtube.com/watch?v=Xiy7rLoQtSw&pp=ygUFQmluZ3g%3D",Bingx
Anymore,7437.0,pl,7437.0: https://www.youtube.com/watch?v=2XjIrdZqC-o&pp=ygUFQmluZ3g%3D,Bingx
XRaided,7437.0,en,7437.0: https://www.youtube.com/watch?v=2XjIrdZqC-o&pp=ygUFQmluZ3g%3D,Bingx
StrangeMusic,7437.0,en,7437.0: https://www.youtube.com/watch?v=2XjIrdZqC-o&pp=ygUFQmluZ3g%3D,Bingx
spottrading,7393.0,en,7393.0: https://www.youtube.com/watch?v=YTXwEUkGbwo&pp=ygUFQmluZ3g%3D,Bingx
fomcmeeting,6794.0,en,6794.0: https://www.youtube.com/watch?v=5iBIeBAW3zU&pp=ygUFQmluZ3g%3D,Bingx
shib,6777.0,en,"10000.0: https://www.youtube.com/watch?v=3IJOhfGTBos&pp=ygUFQmluZ3g%3D
6777.0: https://www.youtube.com/watch?v=DAzlPPgDsXc&pp=ygUFQmluZ3g%3D",Bingx
pierrelmcrypto,6777.0,de,6777.0: https://www.youtube.com/watch?v=DAzlPPgDsXc&pp=ygUFQmluZ3g%3D,Bingx
ShibaInuCoin,6777.0,en,6777.0: https://www.youtube.com/watch?v=DAzlPPgDsXc&pp=ygUFQmluZ3g%3D,Bingx
SHIBARMY,6777.0,en,6777.0: https://www.youtube.com/watch?v=DAzlPPgDsXc&pp=ygUFQmluZ3g%3D,Bingx
shibcoin,6777.0,en,6777.0: https://www.youtube.com/watch?v=DAzlPPgDsXc&pp=ygUFQmluZ3g%3D,Bingx
shibainu,6777.0,en,"10000.0: https://www.youtube.com/watch?v=3IJOhfGTBos&pp=ygUFQmluZ3g%3D
6777.0: https://www.youtube.com/watch?v=DAzlPPgDsXc&pp=ygUFQmluZ3g%3D",Bingx
ShibaToken,6777.0,nl,6777.0: https://www.youtube.com/watch?v=DAzlPPgDsXc&pp=ygUFQmluZ3g%3D,Bingx
shibtoken,6777.0,nl,6777.0: https://www.youtube.com/watch?v=DAzlPPgDsXc&pp=ygUFQmluZ3g%3D,Bingx
nft,6777.0,en,6777.0: https://www.youtube.com/watch?v=DAzlPPgDsXc&pp=ygUFQmluZ3g%3D,Bingx
dogecoin,6777.0,en,"10000.0: https://www.youtube.com/watch?v=3IJOhfGTBos&pp=ygUFQmluZ3g%3D
6777.0: https://www.youtube.com/watch?v=DAzlPPgDsXc&pp=ygUFQmluZ3g%3D",Bingx
babydoge,6777.0,en,"10000.0: https://www.youtube.com/watch?v=3IJOhfGTBos&pp=ygUFQmluZ3g%3D
6777.0: https://www.youtube.com/watch?v=DAzlPPgDsXc&pp=ygUFQmluZ3g%3D",Bingx
ShibaSwap,6777.0,en,6777.0: https://www.youtube.com/watch?v=DAzlPPgDsXc&pp=ygUFQmluZ3g%3D,Bingx
shiba,6777.0,en,"10000.0: https://www.youtube.com/watch?v=3IJOhfGTBos&pp=ygUFQmluZ3g%3D
6777.0: https://www.youtube.com/watch?v=DAzlPPgDsXc&pp=ygUFQmluZ3g%3D",Bingx
exchange,6521.0,en,"78000.0: https://www.youtube.com/watch?v=-j23a6tJGkQ&pp=ygUFQmluZ3g%3D
69000.0: https://www.youtube.com/watch?v=0DoIBqFVQ4Y&pp=ygUFQmluZ3g%3D
17000.0: https://www.youtube.com/watch?v=0MXCbdBPvgA&pp=ygUFQmluZ3g%3D",Bingx
Futures,6116.0,en,6116.0: https://www.youtube.com/watch?v=qSXCUr4w9Cs&pp=ygUFQmluZ3g%3D,Bingx
Copytrade,6116.0,en,6116.0: https://www.youtube.com/watch?v=qSXCUr4w9Cs&pp=ygUFQmluZ3g%3D,Bingx
Trade,6116.0,en,"6116.0: https://www.youtube.com/watch?v=qSXCUr4w9Cs&pp=ygUFQmluZ3g%3D
434.0: https://www.youtube.com/watch?v=WRuh0SYJ4L4&pp=ygUFQmluZ3g%3D",Bingx
ALROCK,6116.0,en,6116.0: https://www.youtube.com/watch?v=qSXCUr4w9Cs&pp=ygUFQmluZ3g%3D,Bingx
Bingbon,6116.0,en,6116.0: https://www.youtube.com/watch?v=qSXCUr4w9Cs&pp=ygUFQmluZ3g%3D,Bingx
Btc,6116.0,en,6116.0: https://www.youtube.com/watch?v=qSXCUr4w9Cs&pp=ygUFQmluZ3g%3D,Bingx
bingxfutures,5510.0,en,"5257.0: https://www.youtube.com/watch?v=BPfFncgfy9I&pp=ygUFQmluZ3g%3D
253.0: https://www.youtube.com/watch?v=Xiy7rLoQtSw&pp=ygUFQmluZ3g%3D",Bingx
KYC,5473.0,en,"5473.0: https://www.youtube.com/watch?v=wXr-AcOj5_o&pp=ygUFQmluZ3g%3D
188.0: https://www.youtube.com/watch?v=YwXRNPFNNgI&pp=ygUFQmluZ3g%3D",Bingx
futurestradingforbeginners,5257.0,da,5257.0: https://www.youtube.com/watch?v=BPfFncgfy9I&pp=ygUFQmluZ3g%3D,Bingx
cryptotechnicalanalysis,5257.0,en,5257.0: https://www.youtube.com/watch?v=BPfFncgfy9I&pp=ygUFQmluZ3g%3D,Bingx
tradingforbeginners,5257.0,da,5257.0: https://www.youtube.com/watch?v=BPfFncgfy9I&pp=ygUFQmluZ3g%3D,Bingx
technicalanalysis,5257.0,en,5257.0: https://www.youtube.com/watch?v=BPfFncgfy9I&pp=ygUFQmluZ3g%3D,Bingx
nolosstradingstrategy,5257.0,da,5257.0: https://www.youtube.com/watch?v=BPfFncgfy9I&pp=ygUFQmluZ3g%3D,Bingx
futurestrading,5257.0,en,5257.0: https://www.youtube.com/watch?v=BPfFncgfy9I&pp=ygUFQmluZ3g%3D,Bingx
fraudes,4865.0,de,4865.0: https://www.youtube.com/watch?v=rGwvHyUrAWc&pp=ygUFQmluZ3g%3D,Bingx
BingXtutorial,4722.0,es,4722.0: https://www.youtube.com/watch?v=vpVCgUFiGvU&pp=ygUFQmluZ3g%3D,Bingx
dogscoinexchange,4712.0,en,4712.0: https://www.youtube.com/watch?v=wj9F-c2OLA8&pp=ygUFQmluZ3g%3D,Bingx
hamsterkombat,4712.0,id,4712.0: https://www.youtube.com/watch?v=wj9F-c2OLA8&pp=ygUFQmluZ3g%3D,Bingx
notcoin,4712.0,en,4712.0: https://www.youtube.com/watch?v=wj9F-c2OLA8&pp=ygUFQmluZ3g%3D,Bingx
dogscoin,4712.0,en,4712.0: https://www.youtube.com/watch?v=wj9F-c2OLA8&pp=ygUFQmluZ3g%3D,Bingx
toncoin,4712.0,en,4712.0: https://www.youtube.com/watch?v=wj9F-c2OLA8&pp=ygUFQmluZ3g%3D,Bingx
telegram,4712.0,en,4712.0: https://www.youtube.com/watch?v=wj9F-c2OLA8&pp=ygUFQmluZ3g%3D,Bingx
metamaskwallet,4537.0,lt,4537.0: https://www.youtube.com/watch?v=qbJCixig_-c&pp=ygUFQmluZ3g%3D,Bingx
howtowithdraw,4537.0,en,4537.0: https://www.youtube.com/watch?v=qbJCixig_-c&pp=ygUFQmluZ3g%3D,Bingx
money,4537.0,en,"4537.0: https://www.youtube.com/watch?v=qbJCixig_-c&pp=ygUFQmluZ3g%3D
3696.0: https://www.youtube.com/watch?v=00WQa1n9c0w&pp=ygUFQmluZ3g%3D
3151.0: https://www.youtube.com/watch?v=L550np57Haw&pp=ygUFQmluZ3g%3D",Bingx
monorix,4537.0,en,4537.0: https://www.youtube.com/watch?v=qbJCixig_-c&pp=ygUFQmluZ3g%3D,Bingx
airdropalert,4537.0,fr,4537.0: https://www.youtube.com/watch?v=qbJCixig_-c&pp=ygUFQmluZ3g%3D,Bingx
howto,4537.0,en,"4537.0: https://www.youtube.com/watch?v=qbJCixig_-c&pp=ygUFQmluZ3g%3D
253.0: https://www.youtube.com/watch?v=Xiy7rLoQtSw&pp=ygUFQmluZ3g%3D
128.0: https://www.youtube.com/watch?v=2fONXmk67-g&pp=ygUFQmluZ3g%3D",Bingx
howtowithdrawmoney,4537.0,en,4537.0: https://www.youtube.com/watch?v=qbJCixig_-c&pp=ygUFQmluZ3g%3D,Bingx
cryptocurrencywallet,4537.0,en,4537.0: https://www.youtube.com/watch?v=qbJCixig_-c&pp=ygUFQmluZ3g%3D,Bingx
airdrop,4537.0,fr,"4537.0: https://www.youtube.com/watch?v=qbJCixig_-c&pp=ygUFQmluZ3g%3D
1611.0: https://www.youtube.com/watch?v=6eHxrFNFvUc&pp=ygUFQmluZ3g%3D
1439.0: https://www.youtube.com/watch?v=7T7h_ZuR5d0&pp=ygUFQmluZ3g%3D",Bingx
memcoin,4537.0,en,4537.0: https://www.youtube.com/watch?v=qbJCixig_-c&pp=ygUFQmluZ3g%3D,Bingx
howtoearnmoneyonline,4537.0,nl,4537.0: https://www.youtube.com/watch?v=qbJCixig_-c&pp=ygUFQmluZ3g%3D,Bingx
trustwallet,4537.0,en,4537.0: https://www.youtube.com/watch?v=qbJCixig_-c&pp=ygUFQmluZ3g%3D,Bingx
CryptoForBeginners,4113.0,en,"3925.0: https://www.youtube.com/watch?v=OcrIuB4kGK0&pp=ygUFQmluZ3g%3D
188.0: https://www.youtube.com/watch?v=YwXRNPFNNgI&pp=ygUFQmluZ3g%3D",Bingx
BingXTutorial,4111.0,es,"3925.0: https://www.youtube.com/watch?v=OcrIuB4kGK0&pp=ygUFQmluZ3g%3D
55.0: https://www.youtube.com/watch?v=c8g3JKiXi1A&pp=ygUFQmluZ3g%3D
40.0: https://www.youtube.com/watch?v=xakkNXtSc-8&pp=ygUFQmluZ3g%3D",Bingx
BETBET,3925.0,en,3925.0: https://www.youtube.com/watch?v=OcrIuB4kGK0&pp=ygUFQmluZ3g%3D,Bingx
CryptoBonus,3925.0,en,3925.0: https://www.youtube.com/watch?v=OcrIuB4kGK0&pp=ygUFQmluZ3g%3D,Bingx
ReferralCode,3925.0,en,"3925.0: https://www.youtube.com/watch?v=OcrIuB4kGK0&pp=ygUFQmluZ3g%3D
55.0: https://www.youtube.com/watch?v=c8g3JKiXi1A&pp=ygUFQmluZ3g%3D
40.0: https://www.youtube.com/watch?v=xakkNXtSc-8&pp=ygUFQmluZ3g%3D",Bingx
SignUpGuide,3925.0,en,3925.0: https://www.youtube.com/watch?v=OcrIuB4kGK0&pp=ygUFQmluZ3g%3D,Bingx
finance,3725.0,en,"2286.0: https://www.youtube.com/watch?v=7CP8HsfdsGc&pp=ygUFQmluZ3g%3D
1439.0: https://www.youtube.com/watch?v=7T7h_ZuR5d0&pp=ygUFQmluZ3g%3D",Bingx
hiddengemcrypto,3284.0,en,3284.0: https://www.youtube.com/watch?v=ujYPWrQO0GQ&pp=ygUFQmluZ3g%3D,Bingx
bitcoincrash,3284.0,en,3284.0: https://www.youtube.com/watch?v=ujYPWrQO0GQ&pp=ygUFQmluZ3g%3D,Bingx
btcpump,3284.0,en,3284.0: https://www.youtube.com/watch?v=ujYPWrQO0GQ&pp=ygUFQmluZ3g%3D,Bingx
fed,3284.0,en,3284.0: https://www.youtube.com/watch?v=ujYPWrQO0GQ&pp=ygUFQmluZ3g%3D,Bingx
fomc,3284.0,en,"6794.0: https://www.youtube.com/watch?v=5iBIeBAW3zU&pp=ygUFQmluZ3g%3D
3284.0: https://www.youtube.com/watch?v=ujYPWrQO0GQ&pp=ygUFQmluZ3g%3D",Bingx
bitcoindump,3284.0,en,3284.0: https://www.youtube.com/watch?v=ujYPWrQO0GQ&pp=ygUFQmluZ3g%3D,Bingx
Cryptobullruncoin,3284.0,de,3284.0: https://www.youtube.com/watch?v=ujYPWrQO0GQ&pp=ygUFQmluZ3g%3D,Bingx
bitcoinpump,3284.0,en,3284.0: https://www.youtube.com/watch?v=ujYPWrQO0GQ&pp=ygUFQmluZ3g%3D,Bingx
top5bestcrypto,3284.0,en,3284.0: https://www.youtube.com/watch?v=ujYPWrQO0GQ&pp=ygUFQmluZ3g%3D,Bingx
lowcapcrypto,3284.0,en,3284.0: https://www.youtube.com/watch?v=ujYPWrQO0GQ&pp=ygUFQmluZ3g%3D,Bingx
bitcoinprice,3284.0,en,3284.0: https://www.youtube.com/watch?v=ujYPWrQO0GQ&pp=ygUFQmluZ3g%3D,Bingx
criptomonedas,3133.0,es,3133.0: https://www.youtube.com/watch?v=vxn16wgbePU&pp=ygUFQmluZ3g%3D,Bingx
cripto,3133.0,en,"3133.0: https://www.youtube.com/watch?v=vxn16wgbePU&pp=ygUFQmluZ3g%3D
1543.0: https://www.youtube.com/watch?v=sxj6R3yIFX8&pp=ygUFQmluZ3g%3D",Bingx
bingxbonus,3068.0,en,"2939.0: https://www.youtube.com/watch?v=vqsfifJEKJI&pp=ygUFQmluZ3g%3D
476.0: https://www.youtube.com/watch?v=MFQHQDrdPYw&pp=ygUFQmluZ3g%3D
476.0: https://www.youtube.com/watch?v=MFQHQDrdPYw&pp=ygUFQmluZ3g%3D",Bingx
bingxreferralcode,3068.0,en,"2939.0: https://www.youtube.com/watch?v=vqsfifJEKJI&pp=ygUFQmluZ3g%3D
82.0: https://www.youtube.com/watch?v=KeQ8D3EZRsU&pp=ygUFQmluZ3g%3D
47.0: https://www.youtube.com/watch?v=kYGdT0v0xxY&pp=ygUFQmluZ3g%3D",Bingx
bingxreferralcodes,2986.0,en,"2939.0: https://www.youtube.com/watch?v=vqsfifJEKJI&pp=ygUFQmluZ3g%3D
47.0: https://www.youtube.com/watch?v=kYGdT0v0xxY&pp=ygUFQmluZ3g%3D",Bingx
bingxreferralcode2023,2986.0,en,"2939.0: https://www.youtube.com/watch?v=vqsfifJEKJI&pp=ygUFQmluZ3g%3D
47.0: https://www.youtube.com/watch?v=kYGdT0v0xxY&pp=ygUFQmluZ3g%3D",Bingx
bingxreferralcode2024,2986.0,en,"2939.0: https://www.youtube.com/watch?v=vqsfifJEKJI&pp=ygUFQmluZ3g%3D
47.0: https://www.youtube.com/watch?v=kYGdT0v0xxY&pp=ygUFQmluZ3g%3D",Bingx
bingxreferralbonus,2986.0,en,"2939.0: https://www.youtube.com/watch?v=vqsfifJEKJI&pp=ygUFQmluZ3g%3D
47.0: https://www.youtube.com/watch?v=kYGdT0v0xxY&pp=ygUFQmluZ3g%3D",Bingx
DineroFácil,2788.0,hu,2788.0: https://www.youtube.com/watch?v=dnDFSaJtccc&pp=ygUFQmluZ3g%3D,Bingx
GanarDineroDesdeCasa,2788.0,es,2788.0: https://www.youtube.com/watch?v=dnDFSaJtccc&pp=ygUFQmluZ3g%3D,Bingx
GanarDineroEnLinea,2788.0,ro,2788.0: https://www.youtube.com/watch?v=dnDFSaJtccc&pp=ygUFQmluZ3g%3D,Bingx
Lubru,2788.0,en,2788.0: https://www.youtube.com/watch?v=dnDFSaJtccc&pp=ygUFQmluZ3g%3D,Bingx
GanarDineroPorInternet,2788.0,en,2788.0: https://www.youtube.com/watch?v=dnDFSaJtccc&pp=ygUFQmluZ3g%3D,Bingx
GanarDineroEnInternet,2788.0,en,2788.0: https://www.youtube.com/watch?v=dnDFSaJtccc&pp=ygUFQmluZ3g%3D,Bingx
GanarDineroGratis,2788.0,en,2788.0: https://www.youtube.com/watch?v=dnDFSaJtccc&pp=ygUFQmluZ3g%3D,Bingx
DeltaExchange,2722.0,fi,2722.0: https://www.youtube.com/watch?v=puWRXtoPMFI&pp=ygUFQmluZ3g%3D,Bingx
TradingCharges,2722.0,en,2722.0: https://www.youtube.com/watch?v=puWRXtoPMFI&pp=ygUFQmluZ3g%3D,Bingx
BingxBrokerage,2722.0,en,2722.0: https://www.youtube.com/watch?v=puWRXtoPMFI&pp=ygUFQmluZ3g%3D,Bingx
signup,2660.0,en,2660.0: https://www.youtube.com/watch?v=VmtArbX7Tgs&pp=ygUFQmluZ3g%3D,Bingx
бингх,2368.0,mn,2368.0: https://www.youtube.com/watch?v=8ZQ8VnyZGqE&pp=ygUFQmluZ3g%3D,Bingx
bingxобзор,2368.0,ru,2368.0: https://www.youtube.com/watch?v=8ZQ8VnyZGqE&pp=ygUFQmluZ3g%3D,Bingx
bingxбонус,2368.0,mn,2368.0: https://www.youtube.com/watch?v=8ZQ8VnyZGqE&pp=ygUFQmluZ3g%3D,Bingx
bingxбиржа,2368.0,mn,2368.0: https://www.youtube.com/watch?v=8ZQ8VnyZGqE&pp=ygUFQmluZ3g%3D,Bingx
bingxрегистрация,2368.0,ru,2368.0: https://www.youtube.com/watch?v=8ZQ8VnyZGqE&pp=ygUFQmluZ3g%3D,Bingx
bingxкакпользоваться,2368.0,uk,2368.0: https://www.youtube.com/watch?v=8ZQ8VnyZGqE&pp=ygUFQmluZ3g%3D,Bingx
bingx_hack,2345.0,en,2345.0: https://www.youtube.com/watch?v=dxPWcmxly5s&pp=ygUFQmluZ3g%3D,Bingx
easylife,2345.0,en,2345.0: https://www.youtube.com/watch?v=dxPWcmxly5s&pp=ygUFQmluZ3g%3D,Bingx
bigclassroom,2286.0,en,2286.0: https://www.youtube.com/watch?v=7CP8HsfdsGc&pp=ygUFQmluZ3g%3D,Bingx
arbitrage,2286.0,de,2286.0: https://www.youtube.com/watch?v=7CP8HsfdsGc&pp=ygUFQmluZ3g%3D,Bingx
kripto,2124.0,en,2124.0: https://www.youtube.com/watch?v=nWTUH08YdNk&pp=ygUFQmluZ3g%3D,Bingx
kriptovaluta,2124.0,en,2124.0: https://www.youtube.com/watch?v=nWTUH08YdNk&pp=ygUFQmluZ3g%3D,Bingx
bitcointrading,2080.0,en,"1646.0: https://www.youtube.com/watch?v=IMwN0odo_MU&pp=ygUFQmluZ3g%3D
434.0: https://www.youtube.com/watch?v=WRuh0SYJ4L4&pp=ygUFQmluZ3g%3D",Bingx
Ethereum,1932.0,en,"1439.0: https://www.youtube.com/watch?v=7T7h_ZuR5d0&pp=ygUFQmluZ3g%3D
493.0: https://www.youtube.com/watch?v=Pe4xSnp_CNM&pp=ygUFQmluZ3g%3D",Bingx
TradingView,1873.0,en,"1439.0: https://www.youtube.com/watch?v=7T7h_ZuR5d0&pp=ygUFQmluZ3g%3D
434.0: https://www.youtube.com/watch?v=WRuh0SYJ4L4&pp=ygUFQmluZ3g%3D",Bingx
bybit_vs_bingx,1859.0,en,1859.0: https://www.youtube.com/watch?v=WApPt13Rvxg&pp=ygUFQmluZ3g%3D,Bingx
bingx_vs_bybit,1859.0,en,1859.0: https://www.youtube.com/watch?v=WApPt13Rvxg&pp=ygUFQmluZ3g%3D,Bingx
sisucrypto,1859.0,en,1859.0: https://www.youtube.com/watch?v=WApPt13Rvxg&pp=ygUFQmluZ3g%3D,Bingx
BingXVietnamLeagueS1,1792.0,en,1792.0: https://www.youtube.com/watch?v=9wruHKF0MW8&pp=ygUFQmluZ3g%3D,Bingx
2,1792.0,en,"460000.0: https://www.youtube.com/watch?v=MGNB0Tchbqc&pp=ygUFQmluZ3g%3D
460000.0: https://www.youtube.com/watch?v=qYovRdLh5uY&pp=ygUFQmluZ3g%3D
330000.0: https://www.youtube.com/watch?v=W0hAT3NbvfU&pp=ygUFQmluZ3g%3D",Bingx
investing,1778.0,en,1778.0: https://www.youtube.com/watch?v=0uCTIFCWyMA&pp=ygUFQmluZ3g%3D,Bingx
bingxreview,1659.0,en,"1577.0: https://www.youtube.com/watch?v=cIleafDgGAg&pp=ygUFQmluZ3g%3D
82.0: https://www.youtube.com/watch?v=KeQ8D3EZRsU&pp=ygUFQmluZ3g%3D",Bingx
bestCrypto_broker,1646.0,en,1646.0: https://www.youtube.com/watch?v=IMwN0odo_MU&pp=ygUFQmluZ3g%3D,Bingx
crypto_broker_india,1646.0,en,1646.0: https://www.youtube.com/watch?v=IMwN0odo_MU&pp=ygUFQmluZ3g%3D,Bingx
bitcoinOption,1646.0,en,1646.0: https://www.youtube.com/watch?v=IMwN0odo_MU&pp=ygUFQmluZ3g%3D,Bingx
CRYPTO,1624.0,en,1624.0: https://www.youtube.com/watch?v=b0sIx3_SV4A&pp=ygUFQmluZ3g%3D,Bingx
BITCOIN,1624.0,en,1624.0: https://www.youtube.com/watch?v=b0sIx3_SV4A&pp=ygUFQmluZ3g%3D,Bingx
airdrops,1611.0,fr,1611.0: https://www.youtube.com/watch?v=6eHxrFNFvUc&pp=ygUFQmluZ3g%3D,Bingx
cryptoexchange,1577.0,nl,"1577.0: https://www.youtube.com/watch?v=cIleafDgGAg&pp=ygUFQmluZ3g%3D
253.0: https://www.youtube.com/watch?v=Xiy7rLoQtSw&pp=ygUFQmluZ3g%3D",Bingx
criptomoedas,1543.0,es,1543.0: https://www.youtube.com/watch?v=sxj6R3yIFX8&pp=ygUFQmluZ3g%3D,Bingx
OP,1439.0,en,1439.0: https://www.youtube.com/watch?v=7T7h_ZuR5d0&pp=ygUFQmluZ3g%3D,Bingx
Gamefi,1439.0,en,1439.0: https://www.youtube.com/watch?v=7T7h_ZuR5d0&pp=ygUFQmluZ3g%3D,Bingx
合约,1439.0,zh,"9360.0: https://www.youtube.com/watch?v=ZGmXRBT5u4A&pp=ygUFQmluZ3g%3D
1439.0: https://www.youtube.com/watch?v=7T7h_ZuR5d0&pp=ygUFQmluZ3g%3D",Bingx
AGNI,1439.0,en,1439.0: https://www.youtube.com/watch?v=7T7h_ZuR5d0&pp=ygUFQmluZ3g%3D,Bingx
mantle,1439.0,es,1439.0: https://www.youtube.com/watch?v=7T7h_ZuR5d0&pp=ygUFQmluZ3g%3D,Bingx
LINK,1439.0,en,1439.0: https://www.youtube.com/watch?v=7T7h_ZuR5d0&pp=ygUFQmluZ3g%3D,Bingx
任務,1439.0,zh,1439.0: https://www.youtube.com/watch?v=7T7h_ZuR5d0&pp=ygUFQmluZ3g%3D,Bingx
BONE,1439.0,en,1439.0: https://www.youtube.com/watch?v=7T7h_ZuR5d0&pp=ygUFQmluZ3g%3D,Bingx
OKEx,1439.0,en,1439.0: https://www.youtube.com/watch?v=7T7h_ZuR5d0&pp=ygUFQmluZ3g%3D,Bingx
瑞波幣,1439.0,zh,1439.0: https://www.youtube.com/watch?v=7T7h_ZuR5d0&pp=ygUFQmluZ3g%3D,Bingx
fusionx,1439.0,en,1439.0: https://www.youtube.com/watch?v=7T7h_ZuR5d0&pp=ygUFQmluZ3g%3D,Bingx
Bitfinex,1439.0,en,1439.0: https://www.youtube.com/watch?v=7T7h_ZuR5d0&pp=ygUFQmluZ3g%3D,Bingx
LTC,1439.0,en,1439.0: https://www.youtube.com/watch?v=7T7h_ZuR5d0&pp=ygUFQmluZ3g%3D,Bingx
比特币,1439.0,zh,"9360.0: https://www.youtube.com/watch?v=ZGmXRBT5u4A&pp=ygUFQmluZ3g%3D
1439.0: https://www.youtube.com/watch?v=7T7h_ZuR5d0&pp=ygUFQmluZ3g%3D",Bingx
coinmarketcap,1439.0,en,1439.0: https://www.youtube.com/watch?v=7T7h_ZuR5d0&pp=ygUFQmluZ3g%3D,Bingx
CoinbaseExchange,1439.0,de,1439.0: https://www.youtube.com/watch?v=7T7h_ZuR5d0&pp=ygUFQmluZ3g%3D,Bingx
Doge,1439.0,en,1439.0: https://www.youtube.com/watch?v=7T7h_ZuR5d0&pp=ygUFQmluZ3g%3D,Bingx
公鏈,1439.0,zh,1439.0: https://www.youtube.com/watch?v=7T7h_ZuR5d0&pp=ygUFQmluZ3g%3D,Bingx
数字货币,1439.0,zh,1439.0: https://www.youtube.com/watch?v=7T7h_ZuR5d0&pp=ygUFQmluZ3g%3D,Bingx
KuCoin,1439.0,de,1439.0: https://www.youtube.com/watch?v=7T7h_ZuR5d0&pp=ygUFQmluZ3g%3D,Bingx
嚕羊毛,1439.0,zh,1439.0: https://www.youtube.com/watch?v=7T7h_ZuR5d0&pp=ygUFQmluZ3g%3D,Bingx
Kraken,1439.0,nl,1439.0: https://www.youtube.com/watch?v=7T7h_ZuR5d0&pp=ygUFQmluZ3g%3D,Bingx
USDT,1439.0,en,"1439.0: https://www.youtube.com/watch?v=7T7h_ZuR5d0&pp=ygUFQmluZ3g%3D
43.0: https://www.youtube.com/watch?v=7HCIgcwg6ik&pp=ygUFQmluZ3g%3D",Bingx
威克夫,1439.0,ja,1439.0: https://www.youtube.com/watch?v=7T7h_ZuR5d0&pp=ygUFQmluZ3g%3D,Bingx
MAX,1439.0,en,1439.0: https://www.youtube.com/watch?v=7T7h_ZuR5d0&pp=ygUFQmluZ3g%3D,Bingx
提案,1439.0,zh,1439.0: https://www.youtube.com/watch?v=7T7h_ZuR5d0&pp=ygUFQmluZ3g%3D,Bingx
冷錢包,1439.0,zh,1439.0: https://www.youtube.com/watch?v=7T7h_ZuR5d0&pp=ygUFQmluZ3g%3D,Bingx
平台,1439.0,zh,"9360.0: https://www.youtube.com/watch?v=ZGmXRBT5u4A&pp=ygUFQmluZ3g%3D
1439.0: https://www.youtube.com/watch?v=7T7h_ZuR5d0&pp=ygUFQmluZ3g%3D",Bingx
Bitstamp,1439.0,et,1439.0: https://www.youtube.com/watch?v=7T7h_ZuR5d0&pp=ygUFQmluZ3g%3D,Bingx
zksyncairdrop,1439.0,fr,1439.0: https://www.youtube.com/watch?v=7T7h_ZuR5d0&pp=ygUFQmluZ3g%3D,Bingx
plasma,1439.0,en,1439.0: https://www.youtube.com/watch?v=7T7h_ZuR5d0&pp=ygUFQmluZ3g%3D,Bingx
火幣,1439.0,ja,1439.0: https://www.youtube.com/watch?v=7T7h_ZuR5d0&pp=ygUFQmluZ3g%3D,Bingx
期貨,1439.0,zh,1439.0: https://www.youtube.com/watch?v=7T7h_ZuR5d0&pp=ygUFQmluZ3g%3D,Bingx
NFT,1439.0,en,1439.0: https://www.youtube.com/watch?v=7T7h_ZuR5d0&pp=ygUFQmluZ3g%3D,Bingx
介紹,1439.0,zh,1439.0: https://www.youtube.com/watch?v=7T7h_ZuR5d0&pp=ygUFQmluZ3g%3D,Bingx
zkDX,1439.0,en,1439.0: https://www.youtube.com/watch?v=7T7h_ZuR5d0&pp=ygUFQmluZ3g%3D,Bingx
區塊鏈,1439.0,zh,1439.0: https://www.youtube.com/watch?v=7T7h_ZuR5d0&pp=ygUFQmluZ3g%3D,Bingx
区块链,1439.0,zh,1439.0: https://www.youtube.com/watch?v=7T7h_ZuR5d0&pp=ygUFQmluZ3g%3D,Bingx
matic,1439.0,en,"130000.0: https://www.youtube.com/watch?v=zaF1SOVs130&pp=ygUFQmluZ3g%3D
1439.0: https://www.youtube.com/watch?v=7T7h_ZuR5d0&pp=ygUFQmluZ3g%3D",Bingx
Shibarium,1439.0,en,1439.0: https://www.youtube.com/watch?v=7T7h_ZuR5d0&pp=ygUFQmluZ3g%3D,Bingx
Defi,1439.0,en,1439.0: https://www.youtube.com/watch?v=7T7h_ZuR5d0&pp=ygUFQmluZ3g%3D,Bingx
教學,1439.0,zh,"5311.0: https://www.youtube.com/watch?v=ARMAUV5s9vo&pp=ygUFQmluZ3g%3D
5311.0: https://www.youtube.com/watch?v=ARMAUV5s9vo&pp=ygUFQmluZ3g%3D
1439.0: https://www.youtube.com/watch?v=7T7h_ZuR5d0&pp=ygUFQmluZ3g%3D",Bingx
火币,1439.0,ja,1439.0: https://www.youtube.com/watch?v=7T7h_ZuR5d0&pp=ygUFQmluZ3g%3D,Bingx
歐易OKEx,1439.0,zh,1439.0: https://www.youtube.com/watch?v=7T7h_ZuR5d0&pp=ygUFQmluZ3g%3D,Bingx
Binance,1439.0,en,1439.0: https://www.youtube.com/watch?v=7T7h_ZuR5d0&pp=ygUFQmluZ3g%3D,Bingx
熱錢包,1439.0,zh,1439.0: https://www.youtube.com/watch?v=7T7h_ZuR5d0&pp=ygUFQmluZ3g%3D,Bingx
BGB,1439.0,en,1439.0: https://www.youtube.com/watch?v=7T7h_ZuR5d0&pp=ygUFQmluZ3g%3D,Bingx
賽道,1439.0,zh,1439.0: https://www.youtube.com/watch?v=7T7h_ZuR5d0&pp=ygUFQmluZ3g%3D,Bingx
huobi,1439.0,en,1439.0: https://www.youtube.com/watch?v=7T7h_ZuR5d0&pp=ygUFQmluZ3g%3D,Bingx
UNI,1439.0,en,1439.0: https://www.youtube.com/watch?v=7T7h_ZuR5d0&pp=ygUFQmluZ3g%3D,Bingx
BNB,1439.0,en,1439.0: https://www.youtube.com/watch?v=7T7h_ZuR5d0&pp=ygUFQmluZ3g%3D,Bingx
zksyncera,1439.0,en,1439.0: https://www.youtube.com/watch?v=7T7h_ZuR5d0&pp=ygUFQmluZ3g%3D,Bingx
萊特幣,1439.0,zh,1439.0: https://www.youtube.com/watch?v=7T7h_ZuR5d0&pp=ygUFQmluZ3g%3D,Bingx
POL,1439.0,en,1439.0: https://www.youtube.com/watch?v=7T7h_ZuR5d0&pp=ygUFQmluZ3g%3D,Bingx
柴犬幣,1439.0,zh,1439.0: https://www.youtube.com/watch?v=7T7h_ZuR5d0&pp=ygUFQmluZ3g%3D,Bingx
manele,1439.0,en,1439.0: https://www.youtube.com/watch?v=7T7h_ZuR5d0&pp=ygUFQmluZ3g%3D,Bingx
小狐狸錢包,1439.0,zh,1439.0: https://www.youtube.com/watch?v=7T7h_ZuR5d0&pp=ygUFQmluZ3g%3D,Bingx
L2,1439.0,en,1439.0: https://www.youtube.com/watch?v=7T7h_ZuR5d0&pp=ygUFQmluZ3g%3D,Bingx
空投,1439.0,zh,1439.0: https://www.youtube.com/watch?v=7T7h_ZuR5d0&pp=ygUFQmluZ3g%3D,Bingx
PEPE,1439.0,en,1439.0: https://www.youtube.com/watch?v=7T7h_ZuR5d0&pp=ygUFQmluZ3g%3D,Bingx
乙太幣,1439.0,zh,1439.0: https://www.youtube.com/watch?v=7T7h_ZuR5d0&pp=ygUFQmluZ3g%3D,Bingx
賺錢,1439.0,zh,1439.0: https://www.youtube.com/watch?v=7T7h_ZuR5d0&pp=ygUFQmluZ3g%3D,Bingx
galxe,1439.0,en,1439.0: https://www.youtube.com/watch?v=7T7h_ZuR5d0&pp=ygUFQmluZ3g%3D,Bingx
XRP,1439.0,en,1439.0: https://www.youtube.com/watch?v=7T7h_ZuR5d0&pp=ygUFQmluZ3g%3D,Bingx
bitget,1439.0,nl,1439.0: https://www.youtube.com/watch?v=7T7h_ZuR5d0&pp=ygUFQmluZ3g%3D,Bingx
Lanuchpad,1439.0,en,1439.0: https://www.youtube.com/watch?v=7T7h_ZuR5d0&pp=ygUFQmluZ3g%3D,Bingx
polygon,1439.0,en,1439.0: https://www.youtube.com/watch?v=7T7h_ZuR5d0&pp=ygUFQmluZ3g%3D,Bingx
MNT,1439.0,en,1439.0: https://www.youtube.com/watch?v=7T7h_ZuR5d0&pp=ygUFQmluZ3g%3D,Bingx
幣安,1439.0,zh,1439.0: https://www.youtube.com/watch?v=7T7h_ZuR5d0&pp=ygUFQmluZ3g%3D,Bingx
Huobi,1439.0,en,1439.0: https://www.youtube.com/watch?v=7T7h_ZuR5d0&pp=ygUFQmluZ3g%3D,Bingx
歐易,1439.0,zh,1439.0: https://www.youtube.com/watch?v=7T7h_ZuR5d0&pp=ygUFQmluZ3g%3D,Bingx
迷因,1439.0,zh,1439.0: https://www.youtube.com/watch?v=7T7h_ZuR5d0&pp=ygUFQmluZ3g%3D,Bingx
币安,1439.0,zh,1439.0: https://www.youtube.com/watch?v=7T7h_ZuR5d0&pp=ygUFQmluZ3g%3D,Bingx
LEASH,1439.0,en,1439.0: https://www.youtube.com/watch?v=7T7h_ZuR5d0&pp=ygUFQmluZ3g%3D,Bingx
非小號,1439.0,zh,1439.0: https://www.youtube.com/watch?v=7T7h_ZuR5d0&pp=ygUFQmluZ3g%3D,Bingx
狗幣,1439.0,zh,"9360.0: https://www.youtube.com/watch?v=ZGmXRBT5u4A&pp=ygUFQmluZ3g%3D
1439.0: https://www.youtube.com/watch?v=7T7h_ZuR5d0&pp=ygUFQmluZ3g%3D",Bingx
GMT,1439.0,en,1439.0: https://www.youtube.com/watch?v=7T7h_ZuR5d0&pp=ygUFQmluZ3g%3D,Bingx
makemoneytrading,1428.0,en,"476.0: https://www.youtube.com/watch?v=MFQHQDrdPYw&pp=ygUFQmluZ3g%3D
476.0: https://www.youtube.com/watch?v=MFQHQDrdPYw&pp=ygUFQmluZ3g%3D
476.0: https://www.youtube.com/watch?v=MFQHQDrdPYw&pp=ygUFQmluZ3g%3D",Bingx
bingxbonuse,1428.0,en,"476.0: https://www.youtube.com/watch?v=MFQHQDrdPYw&pp=ygUFQmluZ3g%3D
476.0: https://www.youtube.com/watch?v=MFQHQDrdPYw&pp=ygUFQmluZ3g%3D
476.0: https://www.youtube.com/watch?v=MFQHQDrdPYw&pp=ygUFQmluZ3g%3D",Bingx
𝟭,1428.0,cs,"476.0: https://www.youtube.com/watch?v=MFQHQDrdPYw&pp=ygUFQmluZ3g%3D
476.0: https://www.youtube.com/watch?v=MFQHQDrdPYw&pp=ygUFQmluZ3g%3D
476.0: https://www.youtube.com/watch?v=MFQHQDrdPYw&pp=ygUFQmluZ3g%3D",Bingx
API,1361.0,en,1361.0: https://www.youtube.com/watch?v=5BbZXkKYem8&pp=ygUFQmluZ3g%3D,Bingx
SwiftCoin,1361.0,en,1361.0: https://www.youtube.com/watch?v=5BbZXkKYem8&pp=ygUFQmluZ3g%3D,Bingx
cryptoforbeginners,1336.0,da,1336.0: https://www.youtube.com/watch?v=JE0W6cJYrWk&pp=ygUFQmluZ3g%3D,Bingx
bingxhack,1119.0,en,"1034.0: https://www.youtube.com/watch?v=-1r-2U_ZM3k&pp=ygUFQmluZ3g%3D
85.0: https://www.youtube.com/watch?v=wblaR8gKJLw&pp=ygUFQmluZ3g%3D",Bingx
bitcoinupdate,1034.0,en,1034.0: https://www.youtube.com/watch?v=-1r-2U_ZM3k&pp=ygUFQmluZ3g%3D,Bingx
养生大讲堂2013,796.0,zh,796.0: https://www.youtube.com/watch?v=Z2N0DoLymiY&pp=ygUFQmluZ3g%3D,Bingx
play2earn,498.0,en,"228.0: https://www.youtube.com/watch?v=XMpri6wj3vo&pp=ygUFQmluZ3g%3D
202.0: https://www.youtube.com/watch?v=oG0DbjrHVnM&pp=ygUFQmluZ3g%3D
68.0: https://www.youtube.com/watch?v=PjqwgFMf8vk&pp=ygUFQmluZ3g%3D",Bingx
battlebulls,498.0,en,"228.0: https://www.youtube.com/watch?v=XMpri6wj3vo&pp=ygUFQmluZ3g%3D
202.0: https://www.youtube.com/watch?v=oG0DbjrHVnM&pp=ygUFQmluZ3g%3D
68.0: https://www.youtube.com/watch?v=PjqwgFMf8vk&pp=ygUFQmluZ3g%3D",Bingx
kyc,498.0,en,"17000.0: https://www.youtube.com/watch?v=0MXCbdBPvgA&pp=ygUFQmluZ3g%3D
17000.0: https://www.youtube.com/watch?v=0MXCbdBPvgA&pp=ygUFQmluZ3g%3D
228.0: https://www.youtube.com/watch?v=XMpri6wj3vo&pp=ygUFQmluZ3g%3D",Bingx
blockchain,498.0,en,"228.0: https://www.youtube.com/watch?v=XMpri6wj3vo&pp=ygUFQmluZ3g%3D
202.0: https://www.youtube.com/watch?v=oG0DbjrHVnM&pp=ygUFQmluZ3g%3D
68.0: https://www.youtube.com/watch?v=PjqwgFMf8vk&pp=ygUFQmluZ3g%3D",Bingx
bulltoken,498.0,de,"228.0: https://www.youtube.com/watch?v=XMpri6wj3vo&pp=ygUFQmluZ3g%3D
202.0: https://www.youtube.com/watch?v=oG0DbjrHVnM&pp=ygUFQmluZ3g%3D
68.0: https://www.youtube.com/watch?v=PjqwgFMf8vk&pp=ygUFQmluZ3g%3D",Bingx
battlegames,498.0,en,"228.0: https://www.youtube.com/watch?v=XMpri6wj3vo&pp=ygUFQmluZ3g%3D
202.0: https://www.youtube.com/watch?v=oG0DbjrHVnM&pp=ygUFQmluZ3g%3D
68.0: https://www.youtube.com/watch?v=PjqwgFMf8vk&pp=ygUFQmluZ3g%3D",Bingx
p2e,498.0,en,"228.0: https://www.youtube.com/watch?v=XMpri6wj3vo&pp=ygUFQmluZ3g%3D
202.0: https://www.youtube.com/watch?v=oG0DbjrHVnM&pp=ygUFQmluZ3g%3D
68.0: https://www.youtube.com/watch?v=PjqwgFMf8vk&pp=ygUFQmluZ3g%3D",Bingx
bulls,498.0,en,"228.0: https://www.youtube.com/watch?v=XMpri6wj3vo&pp=ygUFQmluZ3g%3D
202.0: https://www.youtube.com/watch?v=oG0DbjrHVnM&pp=ygUFQmluZ3g%3D
68.0: https://www.youtube.com/watch?v=PjqwgFMf8vk&pp=ygUFQmluZ3g%3D",Bingx
battle_games,498.0,en,"228.0: https://www.youtube.com/watch?v=XMpri6wj3vo&pp=ygUFQmluZ3g%3D
202.0: https://www.youtube.com/watch?v=oG0DbjrHVnM&pp=ygUFQmluZ3g%3D
68.0: https://www.youtube.com/watch?v=PjqwgFMf8vk&pp=ygUFQmluZ3g%3D",Bingx
game,498.0,en,"228.0: https://www.youtube.com/watch?v=XMpri6wj3vo&pp=ygUFQmluZ3g%3D
202.0: https://www.youtube.com/watch?v=oG0DbjrHVnM&pp=ygUFQmluZ3g%3D
68.0: https://www.youtube.com/watch?v=PjqwgFMf8vk&pp=ygUFQmluZ3g%3D",Bingx
clicker,498.0,en,"228.0: https://www.youtube.com/watch?v=XMpri6wj3vo&pp=ygUFQmluZ3g%3D
202.0: https://www.youtube.com/watch?v=oG0DbjrHVnM&pp=ygUFQmluZ3g%3D
68.0: https://www.youtube.com/watch?v=PjqwgFMf8vk&pp=ygUFQmluZ3g%3D",Bingx
BingXHack,493.0,en,493.0: https://www.youtube.com/watch?v=Pe4xSnp_CNM&pp=ygUFQmluZ3g%3D,Bingx
Altcoin,493.0,en,"13000.0: https://www.youtube.com/watch?v=5_KzixDBFXk&pp=ygUFQmluZ3g%3D
493.0: https://www.youtube.com/watch?v=Pe4xSnp_CNM&pp=ygUFQmluZ3g%3D",Bingx
Investment,493.0,en,"493.0: https://www.youtube.com/watch?v=Pe4xSnp_CNM&pp=ygUFQmluZ3g%3D
434.0: https://www.youtube.com/watch?v=WRuh0SYJ4L4&pp=ygUFQmluZ3g%3D",Bingx
ETH,493.0,en,493.0: https://www.youtube.com/watch?v=Pe4xSnp_CNM&pp=ygUFQmluZ3g%3D,Bingx
Hacked,493.0,en,493.0: https://www.youtube.com/watch?v=Pe4xSnp_CNM&pp=ygUFQmluZ3g%3D,Bingx
AltcoinHero,493.0,en,493.0: https://www.youtube.com/watch?v=Pe4xSnp_CNM&pp=ygUFQmluZ3g%3D,Bingx
BankNifty,434.0,en,434.0: https://www.youtube.com/watch?v=WRuh0SYJ4L4&pp=ygUFQmluZ3g%3D,Bingx
Nifty,434.0,en,434.0: https://www.youtube.com/watch?v=WRuh0SYJ4L4&pp=ygUFQmluZ3g%3D,Bingx
TraderLifestyle,434.0,en,434.0: https://www.youtube.com/watch?v=WRuh0SYJ4L4&pp=ygUFQmluZ3g%3D,Bingx
MarketTrends,434.0,en,434.0: https://www.youtube.com/watch?v=WRuh0SYJ4L4&pp=ygUFQmluZ3g%3D,Bingx
Investing,434.0,en,434.0: https://www.youtube.com/watch?v=WRuh0SYJ4L4&pp=ygUFQmluZ3g%3D,Bingx
ForexTrading,434.0,en,434.0: https://www.youtube.com/watch?v=WRuh0SYJ4L4&pp=ygUFQmluZ3g%3D,Bingx
SwingTrading,434.0,en,434.0: https://www.youtube.com/watch?v=WRuh0SYJ4L4&pp=ygUFQmluZ3g%3D,Bingx
TradingSignals,434.0,en,434.0: https://www.youtube.com/watch?v=WRuh0SYJ4L4&pp=ygUFQmluZ3g%3D,Bingx
DayTrading,434.0,en,434.0: https://www.youtube.com/watch?v=WRuh0SYJ4L4&pp=ygUFQmluZ3g%3D,Bingx
StockMarket,434.0,en,434.0: https://www.youtube.com/watch?v=WRuh0SYJ4L4&pp=ygUFQmluZ3g%3D,Bingx
stockmarkets,434.0,en,434.0: https://www.youtube.com/watch?v=WRuh0SYJ4L4&pp=ygUFQmluZ3g%3D,Bingx
StockMarketNews,434.0,en,434.0: https://www.youtube.com/watch?v=WRuh0SYJ4L4&pp=ygUFQmluZ3g%3D,Bingx
nifty50,434.0,en,434.0: https://www.youtube.com/watch?v=WRuh0SYJ4L4&pp=ygUFQmluZ3g%3D,Bingx
MarketUpdate,434.0,en,434.0: https://www.youtube.com/watch?v=WRuh0SYJ4L4&pp=ygUFQmluZ3g%3D,Bingx
PriceAction,434.0,en,434.0: https://www.youtube.com/watch?v=WRuh0SYJ4L4&pp=ygUFQmluZ3g%3D,Bingx
OptionsTrading,434.0,en,434.0: https://www.youtube.com/watch?v=WRuh0SYJ4L4&pp=ygUFQmluZ3g%3D,Bingx
MarketAnalysis,434.0,en,434.0: https://www.youtube.com/watch?v=WRuh0SYJ4L4&pp=ygUFQmluZ3g%3D,Bingx
StocksToWatch,434.0,en,434.0: https://www.youtube.com/watch?v=WRuh0SYJ4L4&pp=ygUFQmluZ3g%3D,Bingx
TradingPlatform,434.0,en,434.0: https://www.youtube.com/watch?v=WRuh0SYJ4L4&pp=ygUFQmluZ3g%3D,Bingx
StockMarkets,434.0,en,434.0: https://www.youtube.com/watch?v=WRuh0SYJ4L4&pp=ygUFQmluZ3g%3D,Bingx
TradingStrategies,434.0,en,434.0: https://www.youtube.com/watch?v=WRuh0SYJ4L4&pp=ygUFQmluZ3g%3D,Bingx
MarketNews,434.0,en,434.0: https://www.youtube.com/watch?v=WRuh0SYJ4L4&pp=ygUFQmluZ3g%3D,Bingx
PriceMovement,434.0,en,434.0: https://www.youtube.com/watch?v=WRuh0SYJ4L4&pp=ygUFQmluZ3g%3D,Bingx
Sensex,434.0,en,434.0: https://www.youtube.com/watch?v=WRuh0SYJ4L4&pp=ygUFQmluZ3g%3D,Bingx
RiskManagement,434.0,en,434.0: https://www.youtube.com/watch?v=WRuh0SYJ4L4&pp=ygUFQmluZ3g%3D,Bingx
FinancialEducation,434.0,es,434.0: https://www.youtube.com/watch?v=WRuh0SYJ4L4&pp=ygUFQmluZ3g%3D,Bingx
Stocks,434.0,en,434.0: https://www.youtube.com/watch?v=WRuh0SYJ4L4&pp=ygUFQmluZ3g%3D,Bingx
FinancialFreedom,434.0,es,434.0: https://www.youtube.com/watch?v=WRuh0SYJ4L4&pp=ygUFQmluZ3g%3D,Bingx
TradingEducation,434.0,en,434.0: https://www.youtube.com/watch?v=WRuh0SYJ4L4&pp=ygUFQmluZ3g%3D,Bingx
InvestmentEducation,434.0,en,434.0: https://www.youtube.com/watch?v=WRuh0SYJ4L4&pp=ygUFQmluZ3g%3D,Bingx
TradingPsychology,434.0,pl,434.0: https://www.youtube.com/watch?v=WRuh0SYJ4L4&pp=ygUFQmluZ3g%3D,Bingx
TradingCharts,434.0,en,434.0: https://www.youtube.com/watch?v=WRuh0SYJ4L4&pp=ygUFQmluZ3g%3D,Bingx
ChartAnalysis,434.0,en,434.0: https://www.youtube.com/watch?v=WRuh0SYJ4L4&pp=ygUFQmluZ3g%3D,Bingx
PricePatterns,434.0,en,434.0: https://www.youtube.com/watch?v=WRuh0SYJ4L4&pp=ygUFQmluZ3g%3D,Bingx
ForexAnalysis,434.0,en,434.0: https://www.youtube.com/watch?v=WRuh0SYJ4L4&pp=ygUFQmluZ3g%3D,Bingx
StockPicks,434.0,en,434.0: https://www.youtube.com/watch?v=WRuh0SYJ4L4&pp=ygUFQmluZ3g%3D,Bingx
TradingStrategy,434.0,hu,434.0: https://www.youtube.com/watch?v=WRuh0SYJ4L4&pp=ygUFQmluZ3g%3D,Bingx
InvestmentAdvice,434.0,en,434.0: https://www.youtube.com/watch?v=WRuh0SYJ4L4&pp=ygUFQmluZ3g%3D,Bingx
MondayMarketPrediction,434.0,en,434.0: https://www.youtube.com/watch?v=WRuh0SYJ4L4&pp=ygUFQmluZ3g%3D,Bingx
InvestmentTips,434.0,en,434.0: https://www.youtube.com/watch?v=WRuh0SYJ4L4&pp=ygUFQmluZ3g%3D,Bingx
StockMarketAnalysis,434.0,en,434.0: https://www.youtube.com/watch?v=WRuh0SYJ4L4&pp=ygUFQmluZ3g%3D,Bingx
InvestmentPortfolio,434.0,it,434.0: https://www.youtube.com/watch?v=WRuh0SYJ4L4&pp=ygUFQmluZ3g%3D,Bingx
stockmarketlive,434.0,pl,434.0: https://www.youtube.com/watch?v=WRuh0SYJ4L4&pp=ygUFQmluZ3g%3D,Bingx
ShareMarketNews,434.0,en,434.0: https://www.youtube.com/watch?v=WRuh0SYJ4L4&pp=ygUFQmluZ3g%3D,Bingx
kucoin,374.0,en,374.0: https://www.youtube.com/watch?v=0YHG7eiIFDM&pp=ygUFQmluZ3g%3D,Bingx
howtousebingx,310.0,en,"253.0: https://www.youtube.com/watch?v=Xiy7rLoQtSw&pp=ygUFQmluZ3g%3D
57.0: https://www.youtube.com/watch?v=h5NQl6X7TpA&pp=ygUFQmluZ3g%3D",Bingx
cryptoexchangeapp,253.0,nl,253.0: https://www.youtube.com/watch?v=Xiy7rLoQtSw&pp=ygUFQmluZ3g%3D,Bingx
bingxp2pkyahai,253.0,en,253.0: https://www.youtube.com/watch?v=Xiy7rLoQtSw&pp=ygUFQmluZ3g%3D,Bingx
cryptowallet,253.0,pl,253.0: https://www.youtube.com/watch?v=Xiy7rLoQtSw&pp=ygUFQmluZ3g%3D,Bingx
Octafx,253.0,es,253.0: https://www.youtube.com/watch?v=Xiy7rLoQtSw&pp=ygUFQmluZ3g%3D,Bingx
technicallifetips,253.0,en,253.0: https://www.youtube.com/watch?v=Xiy7rLoQtSw&pp=ygUFQmluZ3g%3D,Bingx
bingxkaiseusekare,253.0,fi,253.0: https://www.youtube.com/watch?v=Xiy7rLoQtSw&pp=ygUFQmluZ3g%3D,Bingx
bingxwithdrawal,253.0,en,253.0: https://www.youtube.com/watch?v=Xiy7rLoQtSw&pp=ygUFQmluZ3g%3D,Bingx
howtosellcoininbingx,253.0,en,253.0: https://www.youtube.com/watch?v=Xiy7rLoQtSw&pp=ygUFQmluZ3g%3D,Bingx
exness,253.0,en,253.0: https://www.youtube.com/watch?v=Xiy7rLoQtSw&pp=ygUFQmluZ3g%3D,Bingx
bestcryptotradingapp,253.0,mg,253.0: https://www.youtube.com/watch?v=Xiy7rLoQtSw&pp=ygUFQmluZ3g%3D,Bingx
bingxcoin,253.0,en,253.0: https://www.youtube.com/watch?v=Xiy7rLoQtSw&pp=ygUFQmluZ3g%3D,Bingx
bingxtoutorial,253.0,fr,253.0: https://www.youtube.com/watch?v=Xiy7rLoQtSw&pp=ygUFQmluZ3g%3D,Bingx
bingxsellcoin,253.0,en,253.0: https://www.youtube.com/watch?v=Xiy7rLoQtSw&pp=ygUFQmluZ3g%3D,Bingx
howtotradeinbingx,253.0,it,253.0: https://www.youtube.com/watch?v=Xiy7rLoQtSw&pp=ygUFQmluZ3g%3D,Bingx
bestcryptowallet,253.0,pl,253.0: https://www.youtube.com/watch?v=Xiy7rLoQtSw&pp=ygUFQmluZ3g%3D,Bingx
bestcryptoexchangeapp2024,253.0,nl,253.0: https://www.youtube.com/watch?v=Xiy7rLoQtSw&pp=ygUFQmluZ3g%3D,Bingx
besttradingapp,253.0,sv,253.0: https://www.youtube.com/watch?v=Xiy7rLoQtSw&pp=ygUFQmluZ3g%3D,Bingx
onlinetrading,253.0,en,253.0: https://www.youtube.com/watch?v=Xiy7rLoQtSw&pp=ygUFQmluZ3g%3D,Bingx
howtobuycoininbingx,253.0,en,253.0: https://www.youtube.com/watch?v=Xiy7rLoQtSw&pp=ygUFQmluZ3g%3D,Bingx
binancetrading,253.0,fr,253.0: https://www.youtube.com/watch?v=Xiy7rLoQtSw&pp=ygUFQmluZ3g%3D,Bingx
Xm,253.0,en,253.0: https://www.youtube.com/watch?v=Xiy7rLoQtSw&pp=ygUFQmluZ3g%3D,Bingx
bingxfulltoutorial,253.0,fr,253.0: https://www.youtube.com/watch?v=Xiy7rLoQtSw&pp=ygUFQmluZ3g%3D,Bingx
howtousecryptotrading,253.0,es,253.0: https://www.youtube.com/watch?v=Xiy7rLoQtSw&pp=ygUFQmluZ3g%3D,Bingx
bingxp2pwithdrawal,253.0,en,253.0: https://www.youtube.com/watch?v=Xiy7rLoQtSw&pp=ygUFQmluZ3g%3D,Bingx
bingxbuycoin,253.0,en,253.0: https://www.youtube.com/watch?v=Xiy7rLoQtSw&pp=ygUFQmluZ3g%3D,Bingx
bungxcoinbuysell,253.0,de,253.0: https://www.youtube.com/watch?v=Xiy7rLoQtSw&pp=ygUFQmluZ3g%3D,Bingx
bingxtradingkaisekare,253.0,fi,253.0: https://www.youtube.com/watch?v=Xiy7rLoQtSw&pp=ygUFQmluZ3g%3D,Bingx
bingxp2pdeposit,253.0,en,253.0: https://www.youtube.com/watch?v=Xiy7rLoQtSw&pp=ygUFQmluZ3g%3D,Bingx
TOKEN2049,231.0,en,231.0: https://www.youtube.com/watch?v=D2bw1eq-HLI&pp=ygUFQmluZ3g%3D,Bingx
UFC,231.0,en,231.0: https://www.youtube.com/watch?v=D2bw1eq-HLI&pp=ygUFQmluZ3g%3D,Bingx
CryptoIndia,188.0,en,188.0: https://www.youtube.com/watch?v=YwXRNPFNNgI&pp=ygUFQmluZ3g%3D,Bingx
BingXAccount,188.0,en,188.0: https://www.youtube.com/watch?v=YwXRNPFNNgI&pp=ygUFQmluZ3g%3D,Bingx
MakeMoneyOnline,188.0,en,188.0: https://www.youtube.com/watch?v=YwXRNPFNNgI&pp=ygUFQmluZ3g%3D,Bingx
BingXKYC,188.0,en,188.0: https://www.youtube.com/watch?v=YwXRNPFNNgI&pp=ygUFQmluZ3g%3D,Bingx
BitcoinNews,188.0,en,188.0: https://www.youtube.com/watch?v=YwXRNPFNNgI&pp=ygUFQmluZ3g%3D,Bingx
CryptoTutorials,188.0,es,188.0: https://www.youtube.com/watch?v=YwXRNPFNNgI&pp=ygUFQmluZ3g%3D,Bingx
BingXBonusCode,186.0,en,"55.0: https://www.youtube.com/watch?v=c8g3JKiXi1A&pp=ygUFQmluZ3g%3D
40.0: https://www.youtube.com/watch?v=xakkNXtSc-8&pp=ygUFQmluZ3g%3D
36.0: https://www.youtube.com/watch?v=dXIPRiXu9Vg&pp=ygUFQmluZ3g%3D",Bingx
BingXRegister,186.0,en,"55.0: https://www.youtube.com/watch?v=c8g3JKiXi1A&pp=ygUFQmluZ3g%3D
40.0: https://www.youtube.com/watch?v=xakkNXtSc-8&pp=ygUFQmluZ3g%3D
36.0: https://www.youtube.com/watch?v=dXIPRiXu9Vg&pp=ygUFQmluZ3g%3D",Bingx
BingXSignUp,186.0,en,"55.0: https://www.youtube.com/watch?v=c8g3JKiXi1A&pp=ygUFQmluZ3g%3D
40.0: https://www.youtube.com/watch?v=xakkNXtSc-8&pp=ygUFQmluZ3g%3D
36.0: https://www.youtube.com/watch?v=dXIPRiXu9Vg&pp=ygUFQmluZ3g%3D",Bingx
BingXReferralCode,186.0,en,"55.0: https://www.youtube.com/watch?v=c8g3JKiXi1A&pp=ygUFQmluZ3g%3D
40.0: https://www.youtube.com/watch?v=xakkNXtSc-8&pp=ygUFQmluZ3g%3D
36.0: https://www.youtube.com/watch?v=dXIPRiXu9Vg&pp=ygUFQmluZ3g%3D",Bingx
BingXPromoCode,186.0,en,"55.0: https://www.youtube.com/watch?v=c8g3JKiXi1A&pp=ygUFQmluZ3g%3D
40.0: https://www.youtube.com/watch?v=xakkNXtSc-8&pp=ygUFQmluZ3g%3D
36.0: https://www.youtube.com/watch?v=dXIPRiXu9Vg&pp=ygUFQmluZ3g%3D",Bingx
crypto101,172.0,en,172.0: https://www.youtube.com/watch?v=zbe5iddVIJM&pp=ygUFQmluZ3g%3D,Bingx
bingxaffiliate,128.0,en,128.0: https://www.youtube.com/watch?v=2fONXmk67-g&pp=ygUFQmluZ3g%3D,Bingx
cryptoaffiliateprogram,128.0,ro,128.0: https://www.youtube.com/watch?v=2fONXmk67-g&pp=ygUFQmluZ3g%3D,Bingx
bingxaffiliateprogram,128.0,en,128.0: https://www.youtube.com/watch?v=2fONXmk67-g&pp=ygUFQmluZ3g%3D,Bingx
howtoregisterbingxaffiliateprogram,128.0,de,128.0: https://www.youtube.com/watch?v=2fONXmk67-g&pp=ygUFQmluZ3g%3D,Bingx
bingxtradingfee,118.0,en,118.0: https://www.youtube.com/watch?v=pMg8NY64boI&pp=ygUFQmluZ3g%3D,Bingx
bingxcopytradingreview,118.0,en,118.0: https://www.youtube.com/watch?v=pMg8NY64boI&pp=ygUFQmluZ3g%3D,Bingx
bingxcopytradingtutorial,118.0,es,118.0: https://www.youtube.com/watch?v=pMg8NY64boI&pp=ygUFQmluZ3g%3D,Bingx
bingxtradingfees,118.0,en,118.0: https://www.youtube.com/watch?v=pMg8NY64boI&pp=ygUFQmluZ3g%3D,Bingx
hacks,85.0,en,85.0: https://www.youtube.com/watch?v=wblaR8gKJLw&pp=ygUFQmluZ3g%3D,Bingx
hack,85.0,en,"2345.0: https://www.youtube.com/watch?v=dxPWcmxly5s&pp=ygUFQmluZ3g%3D
1034.0: https://www.youtube.com/watch?v=-1r-2U_ZM3k&pp=ygUFQmluZ3g%3D
85.0: https://www.youtube.com/watch?v=wblaR8gKJLw&pp=ygUFQmluZ3g%3D",Bingx
reviewbingx,82.0,en,82.0: https://www.youtube.com/watch?v=KeQ8D3EZRsU&pp=ygUFQmluZ3g%3D,Bingx
bingxreviews,82.0,en,82.0: https://www.youtube.com/watch?v=KeQ8D3EZRsU&pp=ygUFQmluZ3g%3D,Bingx
bingxexchangereview,82.0,da,82.0: https://www.youtube.com/watch?v=KeQ8D3EZRsU&pp=ygUFQmluZ3g%3D,Bingx
howtocreateaccountonbingx,57.0,es,57.0: https://www.youtube.com/watch?v=h5NQl6X7TpA&pp=ygUFQmluZ3g%3D,Bingx
howtocreatebingxexchangeaccount,57.0,en,57.0: https://www.youtube.com/watch?v=h5NQl6X7TpA&pp=ygUFQmluZ3g%3D,Bingx
howtocreatebingxaccount,57.0,en,57.0: https://www.youtube.com/watch?v=h5NQl6X7TpA&pp=ygUFQmluZ3g%3D,Bingx
bingxaccountcreate,57.0,en,"17000.0: https://www.youtube.com/watch?v=0MXCbdBPvgA&pp=ygUFQmluZ3g%3D
17000.0: https://www.youtube.com/watch?v=0MXCbdBPvgA&pp=ygUFQmluZ3g%3D
57.0: https://www.youtube.com/watch?v=h5NQl6X7TpA&pp=ygUFQmluZ3g%3D",Bingx
rirobin,56.0,pt,56.0: https://www.youtube.com/watch?v=8oT2Bdf4rII&pp=ygUFQmluZ3g%3D,Bingx
rirobinbasic,56.0,eu,56.0: https://www.youtube.com/watch?v=8oT2Bdf4rII&pp=ygUFQmluZ3g%3D,Bingx
bingxaccount,56.0,en,"17000.0: https://www.youtube.com/watch?v=0MXCbdBPvgA&pp=ygUFQmluZ3g%3D
17000.0: https://www.youtube.com/watch?v=0MXCbdBPvgA&pp=ygUFQmluZ3g%3D
57.0: https://www.youtube.com/watch?v=h5NQl6X7TpA&pp=ygUFQmluZ3g%3D",Bingx
2025,56.0,en,56.0: https://www.youtube.com/watch?v=8oT2Bdf4rII&pp=ygUFQmluZ3g%3D,Bingx
BingXBonus,43.0,en,"55.0: https://www.youtube.com/watch?v=c8g3JKiXi1A&pp=ygUFQmluZ3g%3D
43.0: https://www.youtube.com/watch?v=7HCIgcwg6ik&pp=ygUFQmluZ3g%3D
40.0: https://www.youtube.com/watch?v=xakkNXtSc-8&pp=ygUFQmluZ3g%3D",Bingx
TradingForBeginners,43.0,en,43.0: https://www.youtube.com/watch?v=7HCIgcwg6ik&pp=ygUFQmluZ3g%3D,Bingx
WinUSDT,43.0,en,43.0: https://www.youtube.com/watch?v=7HCIgcwg6ik&pp=ygUFQmluZ3g%3D,Bingx
CryptoPlatform,43.0,en,43.0: https://www.youtube.com/watch?v=7HCIgcwg6ik&pp=ygUFQmluZ3g%3D,Bingx
EarnCrypto,43.0,en,43.0: https://www.youtube.com/watch?v=7HCIgcwg6ik&pp=ygUFQmluZ3g%3D,Bingx
CryptoTips,43.0,en,43.0: https://www.youtube.com/watch?v=7HCIgcwg6ik&pp=ygUFQmluZ3g%3D,Bingx
USDTRewards,43.0,en,43.0: https://www.youtube.com/watch?v=7HCIgcwg6ik&pp=ygUFQmluZ3g%3D,Bingx
BingXGuide,43.0,en,43.0: https://www.youtube.com/watch?v=7HCIgcwg6ik&pp=ygUFQmluZ3g%3D,Bingx
nghiacrypto,31.0,it,31.0: https://www.youtube.com/watch?v=YQZtJ7_-YJw&pp=ygUFQmluZ3g%3D,Bingx
dautuchonguoimoi,31.0,fi,31.0: https://www.youtube.com/watch?v=YQZtJ7_-YJw&pp=ygUFQmluZ3g%3D,Bingx
hocdautu,31.0,lt,31.0: https://www.youtube.com/watch?v=YQZtJ7_-YJw&pp=ygUFQmluZ3g%3D,Bingx
dautu,31.0,lt,31.0: https://www.youtube.com/watch?v=YQZtJ7_-YJw&pp=ygUFQmluZ3g%3D,Bingx
financialmarket,16.0,es,16.0: https://www.youtube.com/watch?v=xOLLltoqTlU&pp=ygUFQmluZ3g%3D,Bingx
livestream,16.0,en,16.0: https://www.youtube.com/watch?v=xOLLltoqTlU&pp=ygUFQmluZ3g%3D,Bingx
currencymarket,16.0,pl,16.0: https://www.youtube.com/watch?v=xOLLltoqTlU&pp=ygUFQmluZ3g%3D,Bingx
forexmarket,16.0,en,16.0: https://www.youtube.com/watch?v=xOLLltoqTlU&pp=ygUFQmluZ3g%3D,Bingx
trader,16.0,en,16.0: https://www.youtube.com/watch?v=xOLLltoqTlU&pp=ygUFQmluZ3g%3D,Bingx
liveforextradingnewyorksession,16.0,en,16.0: https://www.youtube.com/watch?v=xOLLltoqTlU&pp=ygUFQmluZ3g%3D,Bingx
livemusic,16.0,en,16.0: https://www.youtube.com/watch?v=xOLLltoqTlU&pp=ygUFQmluZ3g%3D,Bingx
newairdrop,0.0,fr,0.0: https://www.youtube.com/watch?v=Tie6WsmC7Y0&pp=ygUFQmluZ3g%3D,Bingx
overwalletairdrop,0.0,nl,0.0: https://www.youtube.com/watch?v=Tie6WsmC7Y0&pp=ygUFQmluZ3g%3D,Bingx
freeairdropclaim,0.0,fr,0.0: https://www.youtube.com/watch?v=Tie6WsmC7Y0&pp=ygUFQmluZ3g%3D,Bingx
overprotocol,0.0,en,0.0: https://www.youtube.com/watch?v=Tie6WsmC7Y0&pp=ygUFQmluZ3g%3D,Bingx
overwallet,0.0,de,0.0: https://www.youtube.com/watch?v=Tie6WsmC7Y0&pp=ygUFQmluZ3g%3D,Bingx
overlay,0.0,en,0.0: https://www.youtube.com/watch?v=Tie6WsmC7Y0&pp=ygUFQmluZ3g%3D,Bingx
Make_Money_With_tecnology_sharad_1,0.0,en,0.0: https://www.youtube.com/watch?v=Tie6WsmC7Y0&pp=ygUFQmluZ3g%3D,Bingx
